ID;Q003;Q004;Q005;Q006;Q008;Q009;Q010;Q011;Q012;Q013;Q014;Q015;Q016;Q018;Q019;Q020;Q021;Q022;Q023;Q024;peso
1;2;2;4;4;1;5;3;3;1;3;4;1;3;5;1;1;;2;2;1;3,3
2;1;5;3;3;1;5;9;5;1;1;1;7;2;2;1;2;2;2;4;2;0,46
3;2;4;2;6;2;5;9;5;1;1;2;6;3;2;1;2;1;3;3;2;0,16
4;1;5;4;4;1;5;1;6;1;2;2;7;5;2;1;1;;2;3;2;0,52
5;1;5;5;3;1;6;6;4;1;1;1;7;2;3;1;2;1;2;4;2;1,09
6;1;5;2;4;2;9;10;6;1;3;3;3;2;2;1;2;2;3;4;1;1,59
7;1;6;3;6;1;5;10;5;1;2;3;5;4;3;1;2;2;2;4;2;1,9
8;2;3;2;4;2;5;5;6;1;1;1;5;3;3;1;1;;3;2;2;0,89
9;1;6;1;6;2;6;17;4;1;3;2;8;3;3;2;7;2;3;4;3;0,26
10;1;3;1;6;2;5;9;4;1;2;4;7;4;2;1;2;2;3;2;2;0,28
11;1;5;4;4;1;6;10;2;1;1;2;3;3;3;1;2;1;2;4;1;1,58
12;1;4;4;6;1;6;4;4;1;1;2;5;4;4;1;1;;2;3;2;2,63
13;2;4;2;4;2;5;7;5;1;3;5;3;5;2;1;2;1;3;3;1;0,16
14;2;5;3;4;2;7;9;3;1;1;1;3;3;2;1;2;1;3;4;1;0,23
15;1;5;3;6;2;6;5;4;1;2;4;8;4;2;1;1;;3;4;3;0,24
16;1;4;4;4;2;5;10;4;1;1;2;6;5;2;1;2;2;3;3;2;0,91
17;1;6;4;6;2;5;6;6;1;1;3;8;4;3;1;2;1;3;4;3;0,36
18;2;6;3;5;1;3;17;4;1;2;4;2;3;2;2;7;2;1;4;1;1,47
19;1;4;3;6;2;5;10;3;1;3;4;8;4;2;1;2;2;3;3;3;0,25
20;1;6;1;1;1;6;1;2;1;1;1;3;3;2;1;1;;1;4;1;0,71
21;2;5;4;4;2;5;17;2;1;1;4;3;5;2;2;7;1;3;4;1;0,47
22;1;5;1;2;1;7;9;4;1;2;2;6;1;3;1;2;1;2;4;2;0,66
23;2;6;5;4;2;3;17;6;1;1;1;3;5;2;2;7;1;3;5;1;0,96
24;2;4;5;4;1;6;8;6;1;3;2;6;5;2;1;2;1;2;3;2;1,83
25;2;4;1;3;1;6;18;6;1;1;1;8;2;5;2;4;2;2;3;3;0,59
26;2;4;1;5;2;5;8;2;1;1;1;3;4;3;1;2;1;3;3;1;0,2
27;2;6;4;1;1;6;17;4;1;1;5;1;1;2;2;7;2;1;5;1;0,54
28;2;3;3;6;2;5;10;2;1;1;5;3;3;3;1;2;2;3;2;1;0,65
29;1;4;3;6;2;6;9;5;1;3;2;7;4;2;1;2;1;3;3;2;0,17
30;2;6;4;1;1;5;16;7;1;2;3;3;1;2;2;6;;1;4;1;0,54
31;2;5;4;6;2;6;9;5;1;1;1;6;3;3;1;2;2;3;4;2;0,15
32;2;6;1;6;1;3;17;4;1;1;1;6;4;4;2;7;1;2;4;2;0,66
33;2;3;4;3;1;5;12;3;1;1;2;5;2;2;1;3;1;1;2;2;0,86
34;2;6;5;5;2;7;17;4;1;1;2;3;4;2;2;7;1;3;5;1;0,23
35;2;6;2;3;1;3;17;5;1;2;1;5;2;3;2;7;2;1;5;2;2,11
36;1;4;3;4;2;5;5;2;1;2;4;3;5;2;1;1;;3;3;1;0,41
37;2;6;1;6;2;6;17;7;1;3;4;10;4;2;2;7;2;3;4;;0,95
38;2;3;2;5;2;5;10;5;1;1;2;7;4;3;1;2;2;3;3;2;0,89
39;2;4;4;6;2;5;9;5;1;1;2;6;4;2;1;2;1;3;3;2;0,17
40;2;4;1;6;1;8;20;5;1;1;1;6;3;4;2;4;;2;3;2;0,4
41;2;4;2;6;2;2;9;5;1;1;5;8;4;2;1;2;2;3;3;3;0,16
42;2;6;3;6;2;3;5;5;1;1;1;6;4;3;1;1;;3;4;2;0,24
43;1;6;1;6;2;5;17;2;1;1;4;7;3;2;2;7;1;3;5;2;0,55
44;1;4;4;3;1;5;10;4;1;1;2;5;2;3;1;2;1;2;3;2;0,63
45;2;6;5;4;1;5;17;4;1;2;2;3;5;3;2;7;2;2;4;1;0,43
46;1;6;2;3;1;5;17;4;1;2;1;4;2;2;2;7;1;2;4;1;0,84
47;1;6;2;5;1;6;10;2;1;3;1;6;3;3;1;2;2;1;4;2;1,79
48;1;4;4;3;1;5;2;2;1;1;5;5;2;4;1;1;;2;3;2;1,04
49;1;6;4;5;2;9;17;2;1;2;3;3;4;2;2;7;2;3;4;1;0,74
50;1;6;2;5;2;6;17;4;1;1;1;8;3;2;2;7;2;3;4;3;0,29
51;2;6;2;2;1;6;17;5;1;2;2;6;1;2;2;7;2;1;4;2;0,5
52;2;5;5;3;1;6;2;1;1;1;4;5;3;2;1;1;;2;4;2;0,78
53;2;4;4;3;1;5;10;4;1;1;3;6;3;2;1;2;2;2;3;2;2,23
54;1;5;4;4;1;5;10;1;1;1;1;3;3;3;1;2;1;2;4;1;0,8
55;2;3;1;2;2;7;10;5;1;1;2;8;1;3;1;2;2;3;3;3;0,21
56;1;4;3;4;1;7;12;6;1;1;1;8;3;5;1;3;2;2;3;3;0,68
57;1;5;3;3;2;5;5;3;1;1;2;3;2;3;1;1;;3;4;1;0,48
58;2;5;3;3;2;5;9;4;1;3;2;6;5;2;1;2;2;3;4;2;0,23
59;2;4;5;4;1;5;16;4;1;1;1;3;3;4;2;6;;2;3;1;0,41
60;2;3;2;2;1;5;10;6;1;1;2;10;1;2;1;2;2;2;2;;1,3
61;1;3;5;4;2;6;10;1;1;2;2;7;2;2;1;2;2;3;2;2;1,3
62;1;4;5;4;1;6;10;4;1;1;2;7;5;2;1;2;2;2;3;2;0,91
63;1;3;4;3;1;5;10;6;1;1;1;3;3;4;1;2;1;2;3;1;3,04
64;1;4;2;5;2;5;9;6;1;2;4;6;4;1;1;2;2;3;3;2;0,8
65;1;4;5;6;2;6;9;6;1;3;5;8;4;3;1;2;2;3;3;3;1,33
66;1;6;5;5;1;6;17;5;1;1;1;6;4;2;2;7;1;2;4;2;0,44
67;1;5;3;1;1;7;12;2;1;1;3;7;1;3;1;3;1;1;4;2;1,5
68;1;6;1;3;2;6;17;4;1;1;2;7;2;2;2;7;2;3;5;2;0,26
69;2;2;2;5;2;5;5;4;1;3;2;8;4;3;1;1;;3;2;3;0,12
70;2;3;3;4;1;5;16;7;1;1;1;7;3;3;2;6;;1;2;2;1,88
71;1;4;4;6;1;5;7;4;1;1;1;5;3;3;1;2;1;2;3;2;0,59
72;2;5;2;3;1;6;16;4;1;1;1;6;3;2;2;6;;1;4;2;0,73
73;1;4;2;2;1;5;9;2;1;2;2;5;1;2;1;2;2;2;3;2;1,17
74;2;6;5;3;1;6;17;2;1;1;4;5;3;2;2;7;2;2;4;2;1,41
75;1;6;2;1;1;6;17;4;1;1;2;7;1;2;2;7;1;1;5;2;0,84
76;2;6;5;4;1;7;17;7;1;3;5;5;3;3;2;7;1;2;5;2;1,1
77;1;6;2;3;2;5;17;4;1;2;1;6;2;2;2;7;1;3;4;2;0,29
78;1;4;2;5;1;5;9;2;1;1;3;3;3;2;1;2;2;2;3;1;0,91
79;1;2;4;3;2;1;5;5;1;1;2;7;3;2;1;1;;3;2;2;0,35
80;1;5;4;3;1;9;10;5;1;1;2;6;2;2;1;2;2;2;4;2;0,8
81;1;6;1;6;1;5;17;4;1;1;2;8;3;3;2;7;2;2;4;3;0,75
82;1;6;3;4;1;6;17;2;1;1;2;3;2;2;2;7;2;2;5;1;1,9
83;1;4;3;4;1;5;12;3;1;3;1;3;5;2;1;3;2;1;3;1;0,49
84;1;6;2;4;1;6;17;2;1;2;4;5;3;3;2;7;2;1;5;2;1,79
85;1;4;3;6;2;5;10;3;1;2;4;5;3;3;1;2;1;3;3;2;0,25
86;2;6;1;2;1;5;17;2;1;2;2;6;1;2;2;7;2;2;5;2;1,4
87;2;5;2;3;1;5;17;4;1;1;1;7;3;2;2;7;2;2;4;2;0,73
88;1;5;4;4;2;5;6;1;1;2;3;4;3;2;1;2;2;3;4;1;0,59
89;1;4;5;6;1;5;3;1;1;1;5;5;4;3;1;1;;2;3;2;3,84
90;1;3;2;2;1;5;11;6;1;3;4;7;1;3;1;2;1;2;3;2;0,72
91;1;6;1;4;1;6;17;2;1;1;3;2;3;2;2;7;2;2;4;1;1,59
92;2;6;5;4;1;6;20;4;1;1;1;7;2;4;2;4;;2;4;2;0,43
93;2;6;1;4;1;6;17;3;1;1;3;6;3;4;2;7;1;1;5;2;0,66
94;1;5;4;1;1;5;1;6;1;1;2;8;1;4;1;1;;2;4;3;0,76
95;1;6;3;5;1;6;17;5;1;1;3;6;4;3;2;7;2;2;4;2;1,75
96;1;6;1;6;1;5;17;5;1;1;1;8;4;3;2;7;2;1;5;3;1,59
97;1;6;4;4;1;6;17;1;1;1;1;6;5;3;2;7;2;2;4;2;1,81
98;1;5;4;4;2;5;13;1;1;1;3;3;5;3;1;1;;3;4;1;0,46
99;2;5;2;2;1;6;10;4;1;1;1;8;1;2;1;2;1;2;4;3;0,73
100;2;2;3;3;1;1;10;6;1;3;5;8;2;3;1;2;2;2;2;3;0,38
101;1;2;3;3;2;6;7;4;1;1;2;8;2;2;1;2;1;3;2;3;0,25
102;2;2;1;3;1;5;16;4;1;1;1;7;3;4;2;6;;2;2;2;0,66
103;1;6;1;6;1;6;17;7;1;2;3;10;4;2;2;7;2;2;4;;3,13
104;1;3;2;3;2;6;5;4;1;1;2;9;3;2;1;1;;3;2;4;0,36
105;1;2;3;4;2;1;1;6;1;3;1;7;3;2;1;1;;3;2;2;0,24
106;2;6;3;5;1;5;17;4;1;1;2;7;4;2;2;7;1;2;4;2;0,66
107;2;4;4;4;1;5;10;6;3;3;3;5;5;3;1;2;2;2;3;2;0,5
108;2;6;1;6;1;6;17;3;1;1;4;3;4;2;2;7;2;2;5;1;1,4
109;1;5;2;2;1;6;17;6;1;1;1;7;1;2;2;7;2;1;4;2;4,57
110;2;6;3;6;1;6;17;3;1;1;5;7;3;2;2;7;1;2;4;2;0,66
111;2;6;2;5;1;3;17;5;1;3;2;7;3;4;2;7;2;2;5;2;0,5
112;1;3;3;6;2;5;9;5;1;1;2;4;3;3;1;2;2;3;3;1;0,66
113;1;5;2;3;1;5;17;6;1;1;5;6;2;2;2;7;2;1;4;2;1,03
114;2;3;3;4;1;5;18;5;1;1;2;6;2;3;2;4;2;2;3;2;0,42
115;2;6;4;4;2;6;17;1;1;3;5;10;5;3;2;7;1;3;4;;0,18
116;1;2;3;4;2;6;11;2;1;1;2;5;5;2;1;2;1;3;2;2;1,04
117;2;6;5;6;1;5;10;2;1;1;1;5;4;3;1;2;2;2;4;2;2,77
118;2;5;5;2;1;7;17;6;1;3;2;5;5;3;2;7;2;1;4;2;1,98
119;2;4;5;3;1;2;18;1;1;3;5;6;5;4;2;4;2;2;3;2;1,83
120;1;6;1;1;2;3;5;6;1;1;2;7;1;3;1;1;;3;4;2;1,09
121;1;5;1;6;2;6;9;2;1;2;4;3;4;2;1;2;2;3;4;1;0,52
122;2;3;4;4;2;5;7;7;1;1;2;3;3;3;1;2;1;3;3;1;1,31
123;2;6;4;4;1;5;10;4;1;1;2;6;5;3;1;2;2;2;4;2;0,52
124;2;6;3;3;1;2;7;2;1;3;2;4;3;3;1;2;1;1;5;1;1,47
125;2;3;5;6;1;5;10;7;1;3;5;10;4;2;1;2;2;2;3;;3,1
126;2;3;3;3;1;5;10;4;1;3;3;5;2;3;1;2;2;2;2;2;1,88
127;2;6;5;6;2;6;17;5;1;1;1;5;4;3;2;7;1;3;5;2;0,22
128;1;4;3;6;1;4;10;6;1;3;2;5;3;2;1;2;1;2;3;2;0,46
129;2;6;2;5;1;3;17;2;1;1;2;4;4;3;2;7;2;1;5;1;0,35
130;1;4;5;3;2;5;10;1;1;1;4;5;3;3;1;2;2;3;3;2;0,3
131;1;4;3;2;2;6;10;6;1;1;1;3;1;3;1;2;1;3;3;1;0,23
132;1;5;4;5;2;5;10;7;1;1;4;5;4;2;1;2;2;3;3;2;1,17
133;1;5;1;3;2;6;7;7;1;2;2;6;5;2;1;2;2;3;4;2;0,16
134;2;4;4;4;2;2;10;7;1;1;3;8;3;4;1;2;2;3;3;3;0,77
135;2;6;1;6;1;6;16;5;1;2;3;7;3;3;2;6;;1;4;2;0,43
136;2;3;4;1;2;4;1;5;1;2;1;6;1;3;1;1;;3;3;2;0,29
137;2;3;2;6;1;5;3;3;1;2;2;6;3;2;1;1;;2;2;2;0,42
138;2;3;1;3;1;5;16;2;1;2;3;5;3;2;2;6;;2;3;2;1,34
139;1;4;2;3;1;4;10;5;1;2;4;7;3;3;1;2;1;2;3;2;1,17
140;2;4;3;3;1;6;3;5;1;1;2;8;5;3;1;1;;1;3;3;0,49
141;1;6;4;4;2;6;17;1;1;3;5;10;5;3;2;7;2;3;5;;0,36
142;1;2;4;4;2;4;14;6;1;1;4;7;3;4;2;5;;3;2;2;0,35
143;1;2;3;6;1;4;10;6;1;1;1;8;4;2;1;2;2;2;2;3;0,68
144;1;3;1;4;2;6;1;2;1;2;3;7;5;2;1;1;;3;2;2;0,18
145;2;6;2;1;2;3;17;4;1;2;2;6;1;2;2;7;1;3;4;2;0,17
146;1;4;1;2;2;6;9;6;1;2;3;8;1;2;1;2;2;3;3;3;0,21
147;2;5;4;4;1;5;16;4;1;1;2;3;3;4;2;6;;2;4;1;0,64
148;2;5;3;6;2;7;10;4;1;3;1;10;4;3;1;2;2;3;4;;0,16
149;2;5;1;3;1;5;10;6;1;1;1;6;3;2;1;2;2;2;4;2;0,65
150;2;2;3;6;1;6;10;6;1;3;5;7;4;2;1;2;2;2;2;2;0,56
151;2;3;1;3;2;5;10;5;1;1;1;6;2;2;1;2;2;3;3;2;0,15
152;1;5;4;2;1;5;10;4;1;1;2;7;1;2;1;2;1;2;4;2;0,76
153;2;6;3;4;1;3;17;7;1;3;5;10;2;5;2;7;2;1;5;;2,9
154;2;4;1;6;2;2;4;5;1;3;2;7;3;2;1;1;;3;3;2;0,22
155;1;6;5;5;1;6;17;5;1;1;1;6;4;3;2;7;1;2;5;2;0,64
156;2;6;2;3;1;6;16;4;1;3;5;3;2;3;2;6;;2;4;1;0,5
157;2;6;4;3;1;6;17;5;1;1;1;5;3;3;2;7;1;2;5;2;0,52
158;2;6;5;4;1;6;17;5;1;1;1;5;3;3;2;7;1;2;5;2;0,63
159;2;6;5;3;1;6;17;5;1;1;1;5;3;3;2;7;1;2;5;2;0,63
160;2;6;5;3;1;6;17;5;1;1;1;5;3;3;2;7;1;2;5;2;0,63
161;2;6;1;5;1;6;17;5;1;1;1;5;4;3;2;7;1;2;5;2;0,62
162;1;5;1;2;1;5;10;3;1;1;2;6;3;2;1;2;2;1;3;2;0,67
163;2;4;5;3;1;7;10;6;1;1;3;6;2;3;1;2;2;2;3;2;0,41
164;2;4;4;4;2;6;9;4;1;1;2;5;5;2;1;2;2;3;3;2;0,18
165;1;5;4;3;1;5;12;3;1;1;2;5;5;3;1;3;1;2;4;2;1,71
166;2;4;2;5;2;2;10;2;1;1;2;6;4;3;1;2;2;3;3;2;0,68
167;1;5;2;3;1;5;12;6;1;1;4;6;3;3;1;3;2;1;3;2;1,03
168;2;6;1;4;1;5;17;6;1;1;3;3;3;2;2;7;2;1;4;1;2,75
169;1;4;4;1;2;9;8;5;1;1;1;6;1;2;1;2;1;3;3;2;0,2
170;2;3;2;2;1;7;10;6;1;2;2;8;1;3;1;2;2;2;3;3;2,57
171;2;5;1;2;1;4;17;2;1;1;4;3;3;2;2;7;1;1;4;1;1,48
172;2;6;4;4;1;3;17;5;1;1;5;3;3;3;2;7;1;1;4;1;0,52
173;2;6;4;4;1;7;16;6;1;1;2;2;3;3;2;6;;2;4;1;2,29
174;1;6;5;2;1;5;17;3;1;1;3;4;1;3;2;7;1;2;4;1;2,83
175;1;6;4;4;1;6;17;4;1;1;2;3;5;2;2;7;2;2;4;1;1,09
176;1;4;1;3;1;5;12;2;1;1;5;10;3;4;1;3;2;1;3;;1,31
177;1;3;3;3;2;5;10;5;1;1;1;8;3;3;1;2;1;3;3;3;0,43
178;2;5;3;6;1;6;16;4;1;3;2;5;4;2;2;6;;2;4;2;2,8
179;1;3;3;6;1;6;10;4;1;1;1;10;4;3;1;2;2;2;2;;1,92
180;2;6;4;6;1;5;16;2;1;1;2;3;3;3;2;6;;2;5;1;0,54
181;1;6;1;6;1;5;17;2;1;1;2;4;4;2;2;7;2;2;5;1;1,47
182;2;5;2;4;1;6;16;4;1;1;2;5;3;2;2;6;;1;4;2;0,73
183;1;3;5;1;2;5;1;2;1;3;5;10;1;3;1;1;;3;2;;0,52
184;1;4;4;4;1;6;9;6;1;1;2;9;2;2;1;2;2;2;3;4;2,63
185;1;4;5;3;2;5;10;4;1;1;5;6;3;3;1;2;1;3;3;2;0,3
186;1;3;3;3;1;5;12;5;1;1;5;7;3;4;1;3;2;2;3;2;1,32
187;2;3;2;2;1;5;12;6;1;1;1;5;3;3;1;3;2;2;2;2;1,3
188;2;5;1;3;1;5;20;6;1;1;4;6;2;5;2;4;;1;4;2;0,66
189;2;6;1;3;1;6;17;3;1;2;3;3;2;2;2;7;1;2;4;1;0,66
190;2;6;1;2;1;6;17;2;1;1;1;3;3;2;2;7;2;1;4;1;1,4
191;1;2;1;2;2;4;10;4;1;1;1;7;3;3;1;2;2;3;2;2;0,32
192;2;5;1;3;2;5;7;5;1;2;2;7;2;3;1;2;1;3;4;2;0,23
193;1;4;5;5;2;5;10;2;1;1;4;6;4;3;1;2;1;3;3;2;1,33
194;2;5;1;3;1;5;10;2;1;1;3;5;3;3;1;2;1;2;4;2;1,16
195;2;6;1;2;1;3;17;4;1;2;4;7;1;4;2;7;2;1;4;2;2,75
196;1;4;1;2;1;5;9;4;1;1;1;7;3;3;1;2;2;2;3;2;1,31
197;2;3;4;3;2;5;8;5;1;1;1;8;3;2;1;2;1;3;3;3;0,2
198;2;4;1;4;1;2;18;2;1;1;2;4;3;2;2;4;2;2;3;1;1,32
199;2;4;3;6;1;5;10;2;1;1;1;5;3;3;1;2;2;2;3;2;1,19
200;2;4;3;2;1;5;10;2;1;2;2;6;5;2;1;2;2;2;3;2;1,52
201;2;5;1;3;1;3;10;4;1;1;3;7;3;2;1;2;2;2;4;2;0,66
202;1;4;4;4;1;5;12;5;1;3;2;5;3;3;1;3;2;2;3;2;0,59
203;2;6;2;3;1;3;17;4;1;1;2;5;3;2;2;7;2;2;4;2;0,5
204;1;4;2;5;2;5;10;2;1;1;2;5;4;2;1;2;1;3;3;2;0,4
205;2;3;1;6;2;5;7;5;1;2;3;4;4;3;1;2;1;3;3;1;0,15
206;1;3;2;3;1;5;5;2;1;2;3;6;2;2;1;1;;2;3;2;4,4
207;1;5;4;3;1;3;17;1;1;1;2;5;3;2;2;7;1;1;4;2;0,76
208;2;6;1;2;2;5;17;3;1;2;4;5;1;2;2;7;1;3;4;2;0,48
209;1;6;3;3;2;1;17;4;1;1;2;5;3;2;2;7;2;3;4;2;0,31
210;2;3;2;3;2;8;10;4;1;1;2;6;3;2;1;2;2;3;3;2;0,21
211;2;5;2;2;1;6;18;2;1;1;1;7;3;4;2;4;2;1;3;2;3,07
212;1;6;1;5;1;5;17;4;1;1;1;3;4;3;2;7;2;2;4;1;0,71
213;1;4;3;2;1;5;12;4;1;1;1;3;1;3;1;3;2;2;3;1;0,68
214;2;6;2;5;1;3;9;4;1;1;2;6;4;1;1;2;2;2;4;2;0,5
215;2;3;5;1;2;6;10;4;1;1;2;8;1;2;1;2;1;3;2;3;0,26
216;2;6;3;3;1;7;16;3;1;1;1;5;5;5;2;6;;1;4;2;0,66
217;2;6;1;6;1;6;4;4;1;3;1;6;4;3;1;1;;2;4;2;0,66
218;1;4;1;5;1;2;10;5;1;1;1;8;4;3;1;2;2;2;3;3;0,62
219;1;4;3;6;1;5;10;6;1;3;4;7;4;3;1;2;2;2;3;2;1,52
220;1;4;3;4;2;5;9;4;1;1;2;6;3;2;1;2;2;3;3;2;0,23
221;1;6;1;1;1;6;17;1;1;1;4;6;1;2;2;7;2;2;4;2;1,59
222;2;6;2;6;1;3;17;3;1;2;4;7;3;2;2;7;2;2;4;2;0,5
223;2;6;2;5;1;3;17;4;1;3;1;8;4;2;2;7;2;1;4;3;0,5
224;1;6;3;6;2;6;5;4;1;2;3;7;3;3;1;1;;3;5;2;0,31
225;1;6;3;1;1;6;17;2;1;2;5;6;5;2;2;7;1;2;4;2;1,9
226;2;6;1;1;1;6;17;2;1;1;2;3;1;4;2;7;2;1;5;1;1,29
227;1;6;5;5;1;6;17;2;1;3;4;7;3;2;2;7;2;2;4;2;1,43
228;2;6;4;6;2;6;17;4;1;1;2;10;4;2;2;7;1;3;4;;0,19
229;1;5;3;3;2;6;9;5;1;1;2;7;3;3;1;2;2;3;4;2;0,16
230;2;4;2;6;1;2;10;5;1;1;2;9;3;3;1;2;2;2;3;4;0,44
231;2;5;4;6;1;7;2;5;1;2;1;8;4;3;1;1;;2;3;3;0,64
232;1;3;4;6;1;2;1;1;1;1;4;5;4;2;1;1;;2;3;2;1,54
233;2;5;2;5;2;5;17;6;1;1;1;2;3;3;2;7;1;3;4;1;0,24
234;2;5;2;6;2;3;9;6;1;2;3;8;4;3;1;2;2;3;4;3;0,24
235;2;5;3;6;2;5;10;5;1;1;1;7;4;2;1;2;2;3;4;2;0,22
236;1;6;2;1;2;5;5;4;1;2;2;6;1;2;1;1;;3;4;2;0,29
237;2;5;5;4;2;6;16;2;2;1;1;7;5;3;2;6;;3;4;2;0,69
238;1;4;3;4;2;5;10;3;1;1;3;3;5;2;1;2;2;3;3;1;0,23
239;1;6;4;5;1;6;17;4;1;1;1;5;3;3;2;7;1;1;4;2;0,75
240;1;4;1;2;1;6;10;1;1;1;3;3;3;2;1;2;2;2;3;1;1,31
241;1;5;5;2;2;5;9;4;1;1;3;6;5;2;1;2;1;3;4;2;0,38
242;1;6;1;6;2;6;5;5;1;1;1;8;3;2;1;1;;3;5;3;0,17
243;1;5;5;4;1;6;20;6;1;3;5;7;5;4;2;4;;1;4;2;1,04
244;1;5;5;4;2;3;10;6;1;1;2;5;3;3;1;2;1;3;4;2;0,36
245;2;5;4;4;2;5;4;5;1;1;2;8;3;3;1;1;;3;3;3;0,21
246;2;6;1;3;1;6;17;2;1;1;2;5;3;3;2;7;2;1;4;2;1,4
247;1;5;1;6;2;3;5;2;1;1;1;7;4;3;1;1;;3;4;2;0,48
248;1;6;5;3;1;5;17;4;1;1;2;6;2;3;2;7;2;2;4;2;2,83
249;1;3;1;5;1;5;9;2;1;2;4;8;4;2;1;2;2;2;3;3;1,74
250;1;5;3;4;2;5;11;4;1;1;2;8;2;2;1;2;1;3;4;3;0,24
251;2;6;1;3;1;6;17;5;1;1;4;6;2;2;2;7;1;2;4;2;0,62
252;1;6;3;6;1;5;17;5;1;2;1;6;3;3;2;7;2;2;4;2;0,89
253;1;4;4;6;1;9;10;1;1;1;5;6;3;2;1;2;2;2;3;2;1,33
254;1;6;5;5;2;5;17;4;1;1;1;2;4;4;2;7;1;3;4;1;0,23
255;1;5;3;1;1;5;8;5;1;1;1;6;3;3;1;2;1;2;4;2;0,7
256;1;2;3;6;1;6;10;6;1;1;5;8;4;2;1;2;2;2;2;3;3,01
257;1;4;2;4;1;4;5;2;1;1;2;7;3;2;1;1;;2;3;2;1,17
258;1;6;2;3;1;10;17;4;1;2;3;3;3;2;2;7;2;1;5;1;0,84
259;2;4;4;2;2;8;10;5;1;1;1;8;1;3;1;2;1;3;3;3;0,18
260;1;6;1;4;2;6;17;5;1;1;1;8;3;4;2;7;2;3;4;3;0,17
261;1;4;2;4;1;2;12;2;1;1;2;6;3;2;1;3;2;1;3;2;0,52
262;1;4;4;3;1;7;11;6;1;1;2;6;5;4;1;2;1;2;3;2;2,63
263;1;6;1;3;1;6;17;2;1;1;2;5;3;3;2;7;2;1;4;2;1,59
264;2;4;1;6;1;5;16;2;1;1;2;3;4;2;2;6;;2;3;1;1,22
265;2;6;2;2;1;3;17;1;1;1;1;7;1;4;2;7;2;1;4;2;1,07
266;2;3;3;6;1;4;9;7;1;1;1;8;4;2;1;2;1;2;2;3;1,88
267;2;3;5;3;1;4;12;2;1;1;1;2;3;3;1;3;2;2;2;1;3,1
268;2;6;4;1;1;6;17;7;1;1;5;5;1;3;2;7;2;1;4;2;2,29
269;2;5;1;2;1;7;16;4;1;3;5;7;3;3;2;6;;1;4;2;0,7
270;1;4;1;4;1;2;10;6;1;1;2;8;5;3;1;2;2;2;3;3;0,59
271;2;5;4;4;1;8;8;5;1;3;2;8;5;3;1;2;1;2;4;3;0,64
272;1;6;4;3;1;5;17;2;1;3;2;3;5;2;2;7;1;2;4;1;2,32
273;2;5;2;3;1;3;10;1;1;1;1;7;3;1;1;2;1;1;4;2;1,55
274;1;4;2;3;1;5;10;4;1;2;5;3;2;3;1;2;2;2;3;1;2,3
275;2;4;4;5;2;5;10;4;1;1;2;8;4;3;1;2;2;3;3;3;0,77
276;2;5;3;6;1;3;10;6;1;1;5;3;3;3;1;2;1;1;5;1;0,63
277;1;6;1;3;1;5;17;6;1;1;3;7;2;2;2;7;2;2;4;2;1,59
278;1;6;3;4;1;6;17;1;1;2;2;7;2;3;2;7;1;1;4;2;0,85
279;2;4;4;3;2;10;16;7;1;1;5;6;2;3;2;6;;3;3;2;0,17
280;2;5;4;3;1;5;16;7;1;1;3;3;3;3;2;6;;2;4;1;2,67
281;2;4;3;3;1;5;16;2;1;1;2;6;5;2;2;6;;2;3;2;1,4
282;1;4;4;6;1;5;10;5;1;1;3;6;3;5;1;2;2;2;3;2;2,63
283;1;5;1;2;1;6;9;4;1;1;1;3;1;3;1;2;1;2;4;1;0,7
284;1;6;3;4;2;9;17;3;1;2;2;3;5;3;2;7;1;3;4;1;0,21
285;1;4;5;3;2;6;10;1;1;2;4;8;3;4;1;2;1;3;3;3;0,62
286;2;4;2;4;2;4;10;3;1;2;4;3;3;2;1;2;1;3;3;1;0,35
287;2;3;4;6;2;5;1;6;1;1;2;6;4;3;1;1;;3;2;2;1,31
288;2;6;3;6;1;5;16;4;1;3;1;6;4;2;2;6;;1;4;2;0,69
289;2;4;5;1;1;6;17;4;1;1;3;3;1;3;2;7;2;2;3;1;0,44
290;2;4;1;6;1;2;10;7;1;3;5;5;4;2;1;2;2;2;3;2;2,61
291;1;3;1;4;2;5;10;2;1;1;3;5;3;3;1;2;2;3;2;2;0,6
292;2;2;1;6;2;6;10;6;1;3;1;8;4;2;1;2;2;3;2;3;0,97
293;1;3;2;3;1;5;10;1;1;2;2;8;2;3;1;2;2;2;3;3;1,74
294;1;4;2;3;2;5;1;4;1;2;4;3;3;2;1;1;;3;3;1;0,19
295;1;5;3;4;2;5;10;4;1;2;4;3;2;3;1;2;1;3;4;1;0,16
296;1;5;5;2;1;5;10;5;1;1;1;7;1;3;1;2;1;1;4;2;1,04
297;1;5;1;1;1;5;9;5;1;1;1;7;1;2;1;2;2;2;4;2;0,7
298;1;5;5;6;2;6;10;6;1;2;4;8;4;3;1;2;1;3;3;3;1,59
299;2;6;4;3;2;3;17;5;1;3;2;8;2;2;2;7;2;3;4;3;0,12
300;2;6;3;3;1;3;17;5;1;1;1;8;2;2;2;7;1;2;4;3;0,66
301;2;6;3;5;2;6;17;4;1;2;2;7;3;2;2;7;1;3;4;2;0,24
302;1;3;3;2;1;10;18;5;1;1;1;6;1;4;2;4;2;2;3;2;1,24
303;2;6;3;6;1;3;17;4;1;3;5;8;4;3;2;7;2;2;5;3;0,69
304;2;5;3;4;2;3;5;5;1;3;3;9;3;2;1;1;;3;4;4;0,97
305;2;2;2;5;1;1;14;6;1;1;5;6;4;2;2;5;;2;2;2;2,03
306;1;6;2;2;2;6;17;4;1;2;3;6;1;2;2;7;2;3;5;2;0,19
307;2;5;1;1;1;5;10;2;1;1;3;6;1;3;1;2;2;1;4;2;1,48
308;2;4;3;6;1;6;16;4;1;1;4;8;4;2;2;6;;2;3;3;0,49
309;2;2;3;2;2;6;7;1;1;1;5;6;1;1;1;2;1;3;2;2;0,85
310;2;4;3;6;1;5;10;2;1;1;2;4;4;3;1;2;2;2;3;1;1,4
311;2;6;4;3;1;3;17;6;1;1;1;3;3;2;2;7;2;1;5;1;0,35
312;2;3;1;2;1;6;10;7;1;3;5;7;1;2;1;2;2;2;2;2;1,34
313;1;4;2;6;1;6;10;5;1;1;2;10;3;2;1;2;2;2;3;;2,3
314;2;4;2;3;1;5;18;1;1;1;1;3;3;3;2;4;2;1;3;1;0,32
315;2;4;4;6;1;5;5;7;1;2;4;8;3;2;1;1;;2;3;3;0,34
316;2;6;1;6;1;5;17;4;1;1;5;6;3;2;2;7;2;2;4;2;0,62
317;1;4;1;3;2;5;5;2;1;1;5;7;5;2;1;1;;3;3;2;0,9
318;2;6;4;3;1;6;17;5;1;3;1;8;5;3;2;7;2;2;4;3;0,35
319;1;6;3;4;1;6;17;5;1;1;1;7;5;2;2;7;1;1;4;2;0,58
320;2;4;1;2;1;5;10;7;1;3;2;3;1;3;1;2;2;1;3;1;2,61
321;1;6;2;6;2;6;17;4;1;2;3;7;3;2;2;7;1;3;5;2;0,29
322;2;6;4;4;1;6;17;3;1;3;1;6;2;4;2;7;2;2;4;2;0,52
323;1;6;4;4;2;5;17;5;1;1;1;8;5;3;2;7;1;3;4;3;0,36
324;2;4;2;3;1;5;10;4;1;1;4;5;3;1;1;2;2;1;3;2;0,47
325;1;3;2;4;2;5;10;6;1;1;2;6;3;2;1;2;1;3;3;2;0,36
326;2;5;1;6;1;5;10;1;1;1;2;3;3;3;1;2;2;2;4;1;0,66
327;1;6;3;3;2;7;5;1;1;2;4;3;3;2;1;1;;3;5;1;0,66
328;1;5;1;3;1;9;16;5;1;2;1;8;2;3;2;6;;2;4;3;0,46
329;2;3;3;4;2;2;12;1;1;1;5;9;2;3;1;3;2;3;2;4;0,65
330;1;1;3;6;1;5;6;2;1;3;4;9;3;3;1;2;2;2;1;4;0,99
331;1;5;2;5;2;5;6;3;1;1;3;5;4;2;1;2;2;3;4;2;0,36
332;1;6;4;4;2;5;20;4;1;1;3;1;5;2;2;4;;3;4;1;0,38
333;2;6;3;5;1;5;17;3;1;3;2;3;4;2;2;7;1;2;4;1;2,9
334;2;5;2;3;1;3;9;5;1;1;1;3;3;3;1;2;2;2;4;1;0,73
335;2;3;3;6;2;5;10;3;1;3;2;3;3;2;1;2;2;3;3;1;0,16
336;2;6;2;6;2;7;17;5;1;2;1;8;3;2;2;7;1;3;4;3;0,17
337;2;4;3;5;2;6;10;6;1;1;1;7;4;2;1;2;2;3;3;2;0,24
338;1;4;3;2;1;5;12;7;1;1;5;10;1;3;1;3;2;1;3;;2,99
339;1;6;3;6;1;5;17;5;1;1;1;7;4;5;2;7;1;2;4;2;0,89
340;2;4;3;3;2;5;10;6;1;1;2;8;2;3;1;2;2;3;3;3;1,04
341;1;3;3;3;2;4;10;5;1;1;2;6;2;2;1;2;1;3;3;2;0,63
342;2;3;2;4;2;2;9;1;1;3;4;6;3;2;1;2;2;3;2;2;0,35
343;1;2;1;6;2;6;10;4;1;2;1;7;4;2;1;2;2;3;2;2;0,21
344;1;3;4;6;2;5;5;1;1;1;2;6;3;2;1;1;;3;3;2;0,42
345;2;6;3;3;1;6;17;2;1;1;2;3;2;3;2;7;2;1;5;1;1,36
346;1;5;2;6;1;3;17;6;1;1;1;8;4;3;2;7;2;1;4;3;0,71
347;2;6;5;3;1;6;17;5;1;1;5;6;3;3;2;7;1;2;5;2;0,63
348;2;6;3;4;1;6;17;5;1;1;1;5;3;3;2;7;1;2;5;2;0,66
349;2;5;1;3;1;6;10;3;1;1;1;7;2;2;1;2;2;2;3;2;0,66
350;1;5;4;3;2;5;7;6;1;1;1;7;2;2;1;2;1;3;4;2;0,26
351;2;6;1;2;2;5;10;1;1;2;4;7;3;2;1;2;2;3;4;2;0,48
352;2;4;1;4;2;5;16;2;1;3;4;5;3;3;2;6;;3;3;2;0,46
353;1;5;3;5;1;6;1;4;1;2;5;8;4;2;1;1;;2;3;3;0,7
354;2;6;1;6;1;7;17;4;1;1;2;8;3;2;2;7;2;2;4;3;0,66
355;2;6;1;1;1;3;17;7;1;3;3;3;5;5;2;7;1;1;4;1;2,75
356;1;4;3;4;2;5;5;4;1;1;4;3;2;2;1;1;;3;3;1;0,23
357;2;6;2;2;1;5;16;4;1;1;3;6;3;2;2;6;;1;4;2;2,11
358;2;4;4;1;1;6;16;6;1;1;5;2;1;4;2;6;;2;3;1;2,23
359;2;3;3;4;1;6;16;4;1;1;5;4;2;3;2;6;;1;2;1;0,42
360;1;4;1;3;1;5;10;3;1;3;2;3;3;3;1;2;2;2;3;1;2,59
361;2;5;4;4;1;5;16;2;1;1;2;7;3;3;2;6;;2;4;2;1,35
362;2;5;4;3;1;7;10;6;1;1;2;4;2;2;1;2;1;2;4;1;2,67
363;1;6;4;6;2;5;5;2;1;1;2;3;4;2;1;1;;3;5;1;0,8
364;1;6;1;5;1;6;17;4;1;2;4;7;3;3;2;7;2;1;5;2;1,59
365;2;2;1;6;2;5;8;6;1;1;2;5;4;3;1;2;1;3;2;2;0,97
366;2;6;2;5;2;3;17;4;1;1;2;6;4;3;2;7;1;3;4;2;0,17
367;1;4;3;6;2;5;6;4;1;2;1;7;4;3;1;2;2;3;3;2;0,17
368;1;2;4;4;2;6;5;5;1;1;3;8;3;2;1;1;;3;2;3;0,37
369;2;3;3;6;2;6;4;4;1;2;4;7;3;2;1;1;;3;2;2;0,16
370;1;6;1;2;2;6;17;4;1;2;4;8;1;2;2;7;2;3;4;3;0,18
371;2;6;1;3;1;5;17;6;1;1;3;7;2;2;2;7;2;2;4;2;1,4
372;2;5;3;6;2;5;8;5;1;1;1;8;4;3;1;2;1;3;4;3;0,23
373;2;4;1;4;2;5;9;4;1;3;3;6;5;3;1;2;2;3;3;2;0,9
374;2;6;1;6;2;6;17;4;1;1;1;6;4;2;2;7;1;3;4;2;0,23
375;1;6;4;2;1;5;10;2;1;1;2;5;1;2;1;2;1;2;4;2;2,32
376;2;4;2;5;1;7;9;1;1;1;1;7;4;2;1;2;1;2;3;2;1
377;1;5;1;4;1;6;5;4;1;1;1;7;2;2;1;1;;1;4;2;0,7
378;2;4;5;6;1;6;16;2;1;1;2;3;4;2;2;6;;2;3;1;0,41
379;2;4;1;3;1;6;4;3;1;2;4;3;2;2;1;1;;2;3;1;0,4
380;1;6;2;5;1;6;17;5;1;1;1;7;4;2;2;7;2;2;5;2;0,55
381;1;6;2;5;1;6;17;3;1;1;2;4;4;2;2;7;2;2;4;1;0,84
382;1;4;5;5;1;5;2;2;1;1;5;3;3;3;1;1;;2;3;1;0,87
383;1;5;2;5;1;5;9;5;1;1;1;7;3;3;1;2;1;2;4;2;0,75
384;1;3;4;4;1;6;10;3;1;2;1;7;3;3;1;2;2;2;3;2;3,04
385;1;5;3;5;1;3;10;6;1;2;4;8;4;3;1;2;2;2;4;3;2,95
386;2;6;2;5;1;5;17;2;1;1;3;3;4;2;2;7;1;2;4;1;1,07
387;2;6;1;3;1;5;16;2;1;3;3;7;3;2;2;6;;1;4;2;1,4
388;2;6;4;6;1;5;16;2;1;1;1;6;3;4;2;6;;1;4;2;1,16
389;2;6;1;1;2;6;17;2;1;1;2;3;1;3;2;7;1;3;4;1;0,48
390;1;4;4;6;2;5;10;6;1;1;4;8;4;3;1;2;2;3;3;3;0,91
391;1;3;4;6;1;4;18;6;1;2;4;8;3;4;2;4;2;2;2;3;3,04
392;2;4;2;5;1;6;11;5;1;1;1;7;4;2;1;2;2;2;3;2;1,97
393;1;4;1;6;2;5;9;4;1;1;3;4;4;3;1;2;2;3;3;1;0,21
394;1;4;3;4;1;2;5;5;1;3;5;7;3;2;1;1;;2;3;2;0,71
395;2;6;2;1;1;5;17;2;1;3;5;7;3;4;2;7;2;1;4;2;2,11
396;1;5;3;4;2;5;17;7;1;1;2;8;3;2;2;7;2;3;4;3;1,02
397;1;4;1;2;2;5;10;5;1;1;1;6;3;2;1;2;2;3;3;2;0,14
398;2;5;3;6;2;7;18;5;1;2;1;7;3;4;2;4;2;3;4;2;0,23
399;2;4;3;6;1;5;10;5;1;1;1;3;3;2;1;2;1;2;3;1;0,71
400;1;3;3;3;2;2;18;6;1;1;1;8;3;4;2;4;2;3;2;3;0,63
401;2;5;3;6;1;6;10;1;1;1;2;7;3;4;1;2;2;2;4;2;1,42
402;2;6;2;3;2;5;17;5;1;2;4;6;3;2;2;7;1;3;4;2;0,17
403;1;4;1;3;2;5;10;6;1;3;2;5;2;3;1;2;2;3;3;2;0,45
404;1;3;1;6;1;5;10;2;1;2;3;7;3;3;1;2;2;2;3;2;0,53
405;1;2;2;3;2;6;9;4;1;2;2;4;5;2;1;2;2;3;2;1;0,43
406;1;4;1;3;2;2;9;3;1;2;4;3;2;2;1;2;2;3;3;1;0,2
407;1;4;1;4;1;4;1;2;1;2;4;3;5;2;1;1;;2;3;1;1,21
408;1;6;4;6;2;6;7;5;1;1;1;8;3;2;1;2;1;3;4;3;0,25
409;1;4;4;4;1;5;10;4;1;1;1;8;3;3;1;2;2;2;3;3;0,59
410;1;5;3;3;1;9;2;5;1;2;1;8;3;2;1;1;;2;3;3;2,95
411;1;6;1;4;1;6;17;2;1;2;2;6;3;3;2;7;2;2;5;2;1,59
412;1;5;1;3;1;5;17;2;1;1;1;5;2;2;2;7;1;2;4;2;1,38
413;1;6;4;3;2;3;17;5;1;1;3;3;5;3;2;7;1;3;4;1;0,36
414;2;6;2;5;1;3;17;2;1;2;3;1;4;3;2;7;1;2;5;1;0,84
415;1;6;2;3;2;6;17;2;1;2;4;7;2;2;2;7;2;3;4;2;1,23
416;2;2;2;3;1;9;10;2;1;1;2;6;3;2;1;2;1;2;2;2;2,03
417;1;3;2;5;2;5;11;4;1;2;2;8;4;2;1;2;1;3;2;3;0,36
418;1;6;1;6;1;6;17;4;1;1;1;6;4;3;2;7;2;2;5;2;0,75
419;2;6;1;4;1;3;17;4;1;1;4;3;5;3;2;7;1;2;4;1;2,75
420;1;6;3;5;1;6;17;4;1;2;3;5;3;2;2;7;2;1;4;2;0,58
421;2;4;1;4;2;2;4;2;1;3;4;7;5;3;1;1;;3;3;2;0,46
422;2;6;2;3;1;3;17;1;1;1;1;7;5;4;2;7;1;1;4;2;1,07
423;2;6;1;6;1;9;19;6;1;2;4;3;4;3;2;4;;2;5;1;0,45
424;1;6;4;6;2;6;17;5;1;1;1;3;4;2;2;7;1;3;5;1;0,38
425;1;5;1;1;1;9;20;2;1;2;5;7;1;2;2;4;;1;4;2;2,95
426;1;6;1;2;1;3;20;6;1;2;2;8;1;3;2;4;;1;4;3;1,59
427;2;6;2;3;1;6;10;3;1;3;2;4;5;2;1;2;2;1;4;1;2,11
428;1;6;3;6;1;5;17;4;1;1;1;3;3;3;2;7;2;1;4;1;0,89
429;2;6;5;4;1;3;16;6;1;1;5;1;5;4;2;6;;1;5;1;0,66
430;2;6;4;4;1;5;17;6;1;1;1;3;3;4;2;7;2;1;4;1;2,29
431;2;3;3;6;2;6;5;5;1;1;2;7;3;2;1;1;;3;2;2;0,15
432;1;3;4;3;2;2;10;5;1;3;1;6;5;2;1;2;1;3;2;2;0,16
433;2;6;5;5;1;6;17;5;1;1;1;3;4;3;2;7;1;2;4;1;0,66
434;1;5;2;4;1;5;9;4;1;2;3;8;5;3;1;2;1;2;4;3;1,09
435;1;4;4;2;2;2;10;5;1;1;3;7;1;2;1;2;2;3;3;2;0,14
436;2;5;2;4;1;6;17;4;1;1;3;5;3;3;2;7;1;1;4;2;0,73
437;1;2;1;6;2;5;10;6;1;1;4;8;4;2;1;2;2;3;2;3;1,35
438;2;5;4;6;1;5;16;6;1;1;1;6;4;2;2;6;;2;4;2;0,6
439;2;5;4;4;1;5;10;5;1;1;2;6;3;2;1;2;1;2;4;2;0,6
440;2;6;3;1;1;9;17;4;1;1;2;2;1;3;2;7;2;1;4;1;0,69
441;2;6;2;6;2;7;17;5;1;1;1;6;4;3;2;7;2;3;4;2;0,17
442;2;3;2;3;2;5;10;5;1;1;2;6;2;2;1;2;2;3;2;2;0,21
443;2;5;4;3;1;5;16;6;1;1;4;3;2;3;2;6;;1;4;1;0,41
444;2;5;1;3;1;3;10;7;1;2;4;10;2;3;1;2;2;2;4;;2,92
445;2;6;1;4;1;6;17;5;1;2;1;6;3;3;2;7;2;1;4;2;0,66
446;1;2;2;4;2;6;9;5;1;1;1;8;2;2;1;2;1;3;2;3;0,41
447;2;6;4;4;1;6;17;6;1;1;2;5;3;3;2;7;2;2;4;2;1,16
448;1;1;1;1;1;1;10;6;1;3;5;3;1;3;1;2;2;1;1;1;2,98
449;2;2;2;3;1;1;15;6;1;1;2;8;3;2;2;4;;2;2;3;1,03
450;2;3;1;4;2;5;8;3;1;3;3;6;2;3;1;2;2;3;3;2;0,15
451;1;4;4;4;1;5;10;4;1;1;2;5;2;3;1;2;2;2;3;2;0,63
452;1;5;1;6;1;6;10;5;1;1;2;6;3;2;1;2;2;2;4;2;0,46
453;1;4;3;4;1;6;4;4;1;1;1;8;3;5;1;1;;2;3;3;0,71
454;1;6;4;6;2;7;17;4;1;2;1;8;4;3;2;7;1;3;5;3;0,38
455;2;6;1;5;1;5;17;5;1;1;4;5;3;3;2;7;1;2;5;2;1,4
456;2;4;1;6;1;5;12;2;3;1;2;5;3;4;1;3;2;2;3;2;1,22
457;1;6;3;2;1;6;17;6;1;1;3;6;1;2;2;7;2;1;4;2;0,85
458;1;6;5;6;2;6;17;5;1;1;3;2;3;4;2;7;2;3;4;1;0,22
459;2;6;4;4;1;5;8;5;1;1;3;6;3;3;1;2;1;2;4;2;0,54
460;2;6;2;4;1;5;16;6;1;1;1;7;3;3;2;6;;2;4;2;0,48
461;2;3;4;4;2;5;10;6;1;1;2;6;3;3;1;2;2;3;3;2;1,31
462;2;2;4;4;2;1;10;4;1;3;5;6;3;2;1;2;1;3;2;2;1,14
463;1;6;2;5;1;6;1;6;1;2;3;7;4;3;1;1;;2;4;2;0,55
464;1;6;1;3;1;6;17;5;1;2;1;6;2;3;2;7;2;2;4;2;0,7
465;1;6;3;6;1;7;20;4;1;1;1;6;3;2;2;4;;2;5;2;0,89
466;1;6;1;3;1;6;5;2;1;2;3;7;3;3;1;1;;2;5;2;1,59
467;1;6;3;1;1;6;4;2;1;2;3;6;1;4;1;1;;2;4;2;0,85
468;2;4;4;6;2;6;5;4;1;1;5;1;4;3;1;1;;3;3;1;0,18
469;1;4;1;2;1;5;10;4;1;2;3;3;1;3;1;2;2;1;3;1;0,62
470;2;4;2;5;1;5;16;7;1;1;4;7;4;3;2;6;;2;3;2;1
471;1;3;2;5;2;6;10;2;1;2;4;3;4;2;1;2;2;3;2;1;0,77
472;2;4;1;2;1;7;16;6;1;1;3;6;1;2;2;6;;1;3;2;1,32
473;1;6;3;5;2;6;5;4;1;1;1;8;4;3;1;1;;3;4;3;0,31
474;2;4;5;6;1;5;16;6;1;1;2;7;3;2;2;6;;2;3;2;0,41
475;1;6;5;5;1;5;17;2;1;2;4;4;3;3;2;7;2;2;5;1;1,12
476;1;5;5;5;1;5;17;3;1;1;3;3;3;2;2;7;1;2;4;1;2,33
477;2;4;2;6;2;5;18;7;1;1;4;7;3;5;2;4;1;3;3;2;0,68
478;1;3;1;4;2;5;10;6;1;2;2;7;2;2;1;2;1;3;2;2;1,19
479;2;6;2;2;1;6;10;2;1;2;3;7;1;2;1;2;2;2;4;2;0,84
480;1;4;4;6;1;5;4;3;1;1;3;7;4;3;1;1;;2;3;2;0,59
481;2;5;1;6;1;6;18;5;1;2;1;4;4;3;2;4;2;1;3;1;0,7
482;2;2;2;3;2;6;10;4;1;1;5;3;2;2;1;2;2;3;2;1;0,17
483;1;5;2;2;1;2;3;5;1;1;2;4;1;2;1;1;;2;3;1;0,75
484;1;5;5;3;2;5;1;6;1;1;2;5;3;2;1;1;;3;4;2;0,36
485;1;6;4;3;1;5;17;6;1;1;2;6;3;2;2;7;1;2;4;2;1,04
486;2;5;1;1;1;3;16;2;1;2;4;7;3;3;2;6;;1;4;2;1,48
487;2;5;3;3;1;5;16;6;1;3;4;7;3;3;2;6;;1;4;2;1,42
488;2;4;1;5;2;7;9;4;1;3;4;10;3;4;1;2;2;3;3;;0,22
489;2;4;1;5;1;6;5;2;1;2;3;7;4;3;1;1;;2;3;2;1,03
490;2;6;4;2;2;6;17;5;1;3;1;7;3;3;2;7;1;3;4;2;0,18
491;1;4;2;5;2;2;10;4;1;1;3;8;4;3;1;2;2;3;3;3;0,8
492;1;4;3;6;2;4;10;4;1;3;3;8;4;2;1;2;2;3;3;3;0,25
493;1;6;2;3;2;3;17;6;1;2;4;6;5;1;2;7;1;3;4;2;0,29
494;1;6;1;6;1;5;17;6;1;2;1;6;3;2;2;7;2;2;4;2;0,48
495;1;6;2;4;1;6;17;2;1;1;1;3;3;3;2;7;1;2;4;1;1,79
496;2;1;1;6;2;6;5;2;1;1;2;6;4;3;1;1;;3;2;2;0,12
497;2;5;1;5;1;5;10;4;1;1;3;6;4;3;1;2;2;2;4;2;2,92
498;2;6;1;6;2;6;17;4;1;2;4;3;3;2;2;7;2;3;4;1;0,23
499;1;2;1;4;2;1;7;4;1;2;5;4;3;2;1;2;1;3;2;1;0,32
500;1;3;5;6;1;8;5;6;1;1;2;6;4;2;1;1;;2;3;2;0,85
501;1;4;1;6;2;5;9;4;1;1;2;8;4;2;1;2;2;3;5;3;0,21
502;2;6;1;6;2;3;17;4;1;1;3;7;4;1;2;7;2;3;4;2;0,23
503;1;5;1;6;1;5;17;5;1;1;3;7;3;2;2;7;1;1;4;2;2,95
504;2;6;1;4;1;6;17;6;3;2;4;9;3;4;2;7;2;1;4;4;2,75
505;1;6;4;4;1;5;9;4;1;1;3;3;3;3;1;2;2;2;4;1;1,09
506;1;3;2;4;2;6;10;7;1;1;3;10;5;2;1;2;2;3;2;;1,52
507;2;4;2;5;1;5;10;2;1;2;2;3;4;4;1;2;2;2;3;1;1
508;2;6;2;2;1;6;17;2;1;1;4;6;3;2;2;7;1;2;4;2;1,07
509;2;6;1;4;2;5;17;5;1;1;2;3;5;2;2;7;2;3;4;1;0,22
510;2;4;1;6;1;6;16;7;1;1;5;4;4;4;2;6;;2;3;1;1,32
511;2;6;4;6;1;8;16;2;1;1;4;3;4;5;2;6;;2;5;1;1,16
512;1;2;4;3;2;4;11;4;1;1;1;3;3;2;1;2;1;3;2;1;0,37
513;2;3;4;1;1;4;15;1;1;3;2;9;1;2;2;4;;2;2;4;0,59
514;1;6;3;5;1;6;17;4;1;1;3;5;3;2;2;7;2;2;4;2;0,61
515;2;3;2;5;1;4;5;6;1;1;1;7;4;4;1;1;;2;2;2;0,42
516;2;3;4;3;1;5;11;6;1;1;1;8;5;3;1;2;2;2;2;3;0,86
517;2;6;4;4;2;3;17;5;1;1;1;8;5;3;2;7;1;3;4;3;0,12
518;1;6;1;6;2;6;17;5;1;1;2;3;4;2;2;7;1;3;5;1;0,26
519;2;6;4;3;2;5;17;4;1;1;4;8;3;2;2;7;1;3;4;3;0,19
520;2;6;1;6;2;3;5;4;1;2;3;7;4;2;1;1;;3;4;2;0,23
521;2;5;4;4;1;5;5;3;1;1;2;5;3;2;1;1;;1;4;2;0,6
522;1;3;5;2;1;5;12;4;1;1;1;4;1;3;1;3;2;1;2;1;1,49
523;1;3;5;2;1;5;12;4;1;1;1;2;1;3;1;3;1;2;3;1;0,9
524;2;3;1;4;2;5;10;6;1;1;2;7;2;2;1;2;2;3;2;2;0,46
525;1;3;3;6;1;6;10;6;1;1;1;5;4;3;1;2;1;2;2;2;4,08
526;2;4;3;6;1;5;10;2;1;3;4;7;4;2;1;2;2;2;3;2;3
527;2;6;1;5;1;6;17;2;1;3;1;3;3;2;2;7;1;2;5;1;1,4
528;2;6;3;3;1;6;16;3;1;2;3;5;5;2;2;6;;2;4;2;1,36
529;2;4;5;3;1;5;10;2;3;1;5;8;3;3;1;2;2;2;3;3;0,72
530;2;4;2;3;1;7;10;2;1;1;2;6;3;3;1;2;2;2;3;2;0,78
531;2;4;3;4;1;5;16;1;1;3;2;7;3;3;2;6;;2;3;2;1,52
532;2;6;1;2;1;5;18;5;1;1;1;6;1;3;2;4;2;1;4;2;0,43
533;2;6;3;3;1;6;17;1;1;3;2;7;2;3;2;7;2;1;4;2;1,47
534;1;4;3;6;1;5;8;4;1;1;1;3;3;3;1;2;1;2;3;1;0,49
535;1;3;1;3;1;2;10;2;1;1;2;7;3;2;1;2;2;2;2;2;3,44
536;1;4;1;2;1;6;10;1;1;1;1;7;3;3;1;2;1;2;3;2;2,59
537;1;5;5;3;2;5;6;3;1;2;2;3;3;2;1;2;1;3;4;1;0,81
538;1;5;2;3;2;9;5;6;1;2;2;7;5;2;1;1;;3;4;2;0,38
539;1;6;3;4;2;6;17;4;1;2;3;2;3;2;2;7;2;3;4;1;0,31
540;2;6;1;4;2;6;1;3;1;2;3;8;5;3;1;1;;3;4;3;0,23
541;1;3;1;3;1;4;17;2;1;1;3;3;5;3;2;7;1;1;3;1;0,82
542;1;6;4;1;1;10;17;4;1;3;5;3;1;2;2;7;1;2;4;1;1,09
543;2;5;5;6;1;5;4;6;1;1;1;6;3;4;1;1;;2;4;2;0,47
544;1;5;4;3;1;6;4;3;1;1;2;3;5;5;1;1;;2;4;1;3,37
545;1;5;3;6;2;5;1;6;1;2;2;7;4;2;1;1;;3;4;2;1,02
546;1;4;4;4;1;5;3;1;1;1;1;7;5;4;1;1;;2;3;2;0,59
547;2;4;4;3;1;5;18;3;1;3;1;7;5;3;2;4;2;2;3;2;0,5
548;2;6;4;4;1;5;17;4;1;3;5;5;2;2;2;7;2;1;4;2;2,29
549;2;6;3;6;1;6;17;5;1;1;2;3;3;2;2;7;1;2;4;1;0,48
550;2;3;1;4;1;2;10;4;1;1;2;6;3;2;1;2;1;2;3;2;0,63
551;2;4;4;4;1;6;10;6;1;1;4;3;2;2;1;2;1;2;3;1;2,23
552;2;5;3;2;1;3;18;6;1;3;1;3;1;5;2;4;2;1;4;1;0,67
553;1;6;4;5;1;6;17;3;1;1;2;3;4;2;2;7;2;2;4;1;2,32
554;1;3;1;3;2;2;10;1;1;1;3;6;3;3;1;2;2;3;3;2;0,6
555;2;6;2;1;2;6;17;3;1;1;1;4;3;2;2;7;1;3;5;1;0,17
556;2;6;2;1;1;6;17;2;1;2;3;6;1;2;2;7;2;1;4;2;0,84
557;1;6;2;2;1;6;17;4;1;1;3;10;1;2;2;7;2;2;4;;0,84
558;2;5;3;6;2;5;7;5;1;2;4;7;4;2;1;2;1;3;4;2;0,97
559;2;6;5;5;1;5;16;4;1;1;1;5;3;4;2;6;;1;4;2;0,43
560;2;6;3;6;2;6;17;5;1;3;3;9;4;2;2;7;1;3;4;4;0,24
561;2;4;4;4;2;5;10;7;1;1;2;2;3;2;1;2;1;3;3;1;0,18
562;1;5;4;3;1;5;12;4;1;1;4;5;2;4;1;3;2;2;3;2;0,76
563;2;5;1;3;1;5;17;6;1;2;3;6;3;2;2;7;2;2;4;2;0,66
564;2;6;3;3;1;5;17;5;1;1;2;3;2;3;2;7;2;1;4;1;0,66
565;1;6;5;3;2;5;17;3;1;2;3;3;3;2;2;7;2;3;4;1;0,23
566;1;4;2;5;1;6;11;7;1;3;2;7;4;3;1;2;1;2;3;2;2,3
567;2;6;5;1;2;3;17;6;1;2;5;5;3;5;2;7;2;3;5;2;0,22
568;2;4;2;2;1;6;10;3;1;3;4;6;1;3;1;2;2;2;3;2;0,32
569;1;6;4;3;1;6;17;6;1;1;5;5;5;2;2;7;1;2;4;2;1,04
570;1;6;2;3;1;6;17;4;1;2;3;7;3;3;2;7;2;2;4;2;0,84
571;2;6;4;1;1;5;17;3;1;1;1;6;1;3;2;7;1;1;4;2;0,52
572;2;6;4;4;1;7;16;6;1;1;4;2;3;2;2;6;;2;5;1;0,52
573;1;6;2;5;1;3;20;2;1;2;3;7;4;5;2;4;;2;4;2;1,79
574;1;5;4;4;1;5;9;5;1;1;2;3;3;3;1;2;2;2;5;1;0,76
575;1;1;3;6;1;4;14;1;1;1;3;6;4;3;2;5;;2;2;2;1,07
576;2;6;4;3;1;6;16;4;1;1;3;3;5;2;2;6;;1;5;1;2,29
577;1;5;1;3;2;5;5;1;1;2;4;6;5;3;1;1;;3;3;2;0,52
578;1;6;3;2;1;5;1;2;1;1;1;3;3;1;1;1;;1;4;1;1,75
579;1;4;1;3;1;5;10;6;1;2;5;6;2;3;1;2;2;2;3;2;2,59
580;1;3;2;3;2;5;5;3;1;2;3;6;3;2;1;1;;3;3;2;0,24
581;1;6;4;5;1;5;17;2;1;1;2;1;4;3;2;7;2;2;4;1;1,04
582;1;6;1;6;2;6;17;4;1;1;1;3;3;2;2;7;1;3;4;1;0,26
583;2;5;1;6;1;6;18;5;1;3;2;1;3;3;2;4;2;2;3;1;0,45
584;1;2;5;2;2;4;15;4;1;1;2;7;1;2;2;4;;3;2;2;0,31
585;1;6;3;1;1;5;17;3;1;3;3;3;1;2;2;7;2;2;5;1;1,75
586;1;3;1;6;2;2;9;5;1;1;1;7;3;3;1;2;1;3;2;2;0,28
587;2;2;4;1;1;5;10;4;1;1;5;8;1;2;1;2;2;2;2;3;0,51
588;2;5;5;1;1;6;16;6;1;1;2;6;5;3;2;6;;1;3;2;1,98
589;2;4;1;6;2;7;6;3;1;2;4;3;4;2;1;2;2;3;3;1;0,22
590;1;2;1;6;1;6;10;6;1;1;3;9;4;2;1;2;2;2;2;4;0,87
591;1;2;2;4;2;6;7;5;1;2;2;6;5;2;1;2;1;3;2;2;0,43
592;2;6;2;5;2;7;17;4;1;1;4;7;4;2;2;7;1;3;4;2;0,73
593;1;2;4;3;1;2;5;7;1;3;5;10;5;5;1;1;;2;2;;4,44
594;2;6;5;6;1;3;16;7;1;1;5;3;3;3;2;6;;1;4;1;2,77
595;2;3;5;4;1;6;16;5;1;1;1;5;5;3;2;6;;2;3;2;3,1
596;2;6;3;3;1;6;17;1;1;1;1;3;3;5;2;7;2;1;4;1;1,15
597;2;6;2;5;1;6;17;5;1;1;2;7;3;2;2;7;1;2;4;2;0,5
598;2;5;4;4;1;7;16;6;1;1;2;7;5;2;2;6;;2;3;2;2,67
599;1;3;1;2;2;6;9;2;1;2;2;4;1;2;1;2;1;3;2;1;0,6
600;1;5;1;5;1;5;10;2;1;3;3;8;4;3;1;2;2;2;3;3;2,95
601;2;4;3;2;1;9;18;4;1;3;5;7;1;3;2;4;2;2;3;2;0,71
602;1;3;1;4;1;5;12;6;1;2;3;9;3;4;1;3;2;1;3;4;3,44
603;1;5;3;6;1;5;10;4;1;1;2;5;4;3;1;2;2;2;4;2;0,7
604;2;5;4;4;1;5;16;6;1;1;2;3;3;5;2;6;;1;4;1;0,6
605;2;6;2;3;1;5;17;2;1;1;2;5;2;3;2;7;2;2;4;2;0,99
606;1;2;4;3;1;3;2;4;3;1;2;4;3;2;1;1;;2;2;1;0,69
607;2;6;2;3;1;3;17;4;1;3;2;6;3;4;2;7;1;2;4;2;1,07
608;2;3;1;4;2;5;5;7;1;2;4;5;3;2;1;1;;3;3;2;0,92
609;2;6;5;4;1;7;17;2;1;1;2;3;3;4;2;7;2;2;4;1;0,66
610;2;5;4;1;1;6;8;5;1;1;1;3;1;2;1;2;1;2;4;1;0,64
611;1;6;4;4;1;6;17;5;1;1;1;8;5;2;2;7;2;2;5;3;0,71
612;2;6;1;3;1;3;17;3;1;3;2;3;3;3;2;7;1;2;4;1;0,66
613;2;6;5;4;1;6;16;4;1;1;2;6;3;3;2;6;;2;5;2;0,66
614;2;5;5;2;1;5;16;6;1;1;1;6;3;3;2;6;;1;4;2;1,98
615;1;4;2;3;1;5;12;6;1;2;4;7;3;3;1;3;2;2;3;2;0,52
616;2;6;2;2;1;6;17;5;1;1;1;7;1;2;2;7;2;1;4;2;1,07
617;1;2;2;2;2;3;12;6;1;3;2;6;5;3;1;3;2;3;2;2;0,41
618;2;3;2;3;1;5;12;3;1;1;3;3;2;1;1;3;2;1;3;1;1,3
619;2;3;3;3;2;4;10;7;1;1;2;10;5;3;1;2;2;3;2;;0,65
620;2;5;3;3;1;5;16;5;3;1;3;6;2;2;2;6;;2;4;2;0,63
621;2;4;5;6;1;5;18;6;1;1;1;5;4;4;2;4;2;2;3;2;0,93
622;2;2;3;4;2;1;10;4;1;3;4;7;5;2;1;2;2;3;2;2;0,2
623;1;6;4;3;2;6;6;5;1;2;2;8;2;1;1;2;1;3;4;3;0,38
624;2;3;1;6;1;5;12;2;1;3;5;10;3;2;1;3;2;2;3;;2,64
625;1;3;3;6;2;2;9;5;1;1;1;8;4;2;1;2;2;3;2;3;2,79
626;2;6;2;2;1;6;17;3;1;2;2;3;1;2;2;7;2;1;4;1;0,99
627;1;3;3;4;2;2;10;4;1;1;1;2;3;3;1;2;2;3;2;1;0,66
628;1;2;4;1;1;7;5;2;1;2;3;2;1;3;1;1;;2;2;1;2,08
629;2;5;2;2;1;5;10;4;1;1;1;2;1;2;1;2;1;2;4;1;0,73
630;2;2;4;6;1;4;14;6;1;1;1;3;4;5;2;5;;2;2;1;3,3
631;1;3;3;6;2;5;10;3;1;2;3;7;3;3;1;2;2;3;2;2;0,43
632;2;5;2;2;1;5;16;2;1;1;5;7;3;3;2;6;;2;3;2;1,43
633;2;6;3;4;1;6;16;3;1;1;1;3;5;2;2;6;;1;4;1;0,66
634;2;4;3;3;1;10;16;1;1;1;1;7;2;3;2;6;;1;3;2;3
635;2;2;4;6;1;6;11;5;1;1;5;6;4;3;1;2;2;2;2;2;0,75
636;2;3;1;6;1;5;16;4;1;1;2;4;4;1;2;6;;1;2;1;0,6
637;1;3;4;4;1;9;6;2;1;1;2;2;3;3;1;2;1;2;3;1;0,47
638;2;3;1;1;2;6;5;1;1;1;4;3;1;1;1;1;;3;2;1;0,36
639;2;3;1;3;1;6;18;6;1;1;1;7;2;3;2;4;2;2;3;2;0,6
640;2;6;3;6;1;3;17;1;1;1;1;3;4;5;2;7;2;1;5;1;0,66
641;1;3;4;3;1;5;12;2;1;1;2;7;2;4;1;3;2;2;3;2;0,69
642;1;4;1;3;2;2;9;4;1;2;3;6;2;2;1;2;2;3;3;2;0,21
643;1;6;5;4;1;5;17;4;1;2;2;7;3;2;2;7;1;2;4;2;1,43
644;2;4;4;6;1;5;16;1;1;1;3;6;4;4;2;6;;2;3;2;1,13
645;2;2;4;4;1;1;9;3;1;3;5;4;3;2;1;2;1;2;2;1;1,54
646;1;6;5;4;1;5;10;2;1;2;4;3;2;4;1;2;1;2;4;1;1,12
647;2;1;5;2;1;5;5;7;1;1;2;4;3;2;1;1;;1;1;1;0,75
648;2;2;3;4;2;1;10;3;1;1;2;8;2;2;1;2;2;3;2;3;0,19
649;1;6;4;6;1;8;17;4;1;1;4;7;3;4;2;7;2;2;5;2;1,09
650;2;4;2;2;1;5;18;4;1;1;2;4;1;4;2;4;2;2;3;1;0,47
651;2;2;1;4;1;5;12;6;1;1;2;2;2;3;1;3;2;1;2;1;0,66
652;1;3;4;6;1;6;18;5;1;1;5;6;4;5;2;4;2;1;3;2;0,73
653;2;5;1;1;1;6;17;7;1;1;5;6;1;3;2;7;2;1;4;2;2,92
654;2;3;3;3;1;5;10;6;1;1;2;6;5;2;1;2;2;2;2;2;0,42
655;1;4;3;1;1;5;4;5;1;1;2;7;1;2;1;1;;2;3;2;2,99
656;1;3;1;6;1;6;10;6;1;1;3;7;4;3;1;2;2;2;3;2;0,78
657;2;3;4;3;2;5;8;2;1;1;5;6;5;2;1;2;2;3;2;2;0,62
658;2;5;4;5;1;5;12;4;1;1;2;9;3;3;1;3;2;1;3;4;0,6
659;2;3;3;6;2;5;6;1;1;1;2;3;4;2;1;2;2;3;3;1;0,33
660;1;4;1;4;1;5;10;1;1;2;4;5;5;3;1;2;1;2;3;2;2,59
661;1;4;1;4;1;4;18;6;1;1;5;7;3;5;2;4;2;1;3;2;1,31
662;1;5;2;2;1;5;12;4;1;2;2;6;1;3;1;3;2;1;4;2;1,03
663;2;2;5;6;1;5;10;7;1;1;2;3;4;3;1;2;1;2;2;1;0,48
664;2;4;1;3;2;5;10;7;1;1;2;8;3;2;1;2;2;3;3;3;0,9
665;2;4;4;4;2;5;3;2;1;1;3;3;2;2;1;1;;3;3;1;0,31
666;2;4;1;4;1;8;18;5;1;1;1;7;3;2;2;4;2;2;3;2;0,58
667;1;3;1;3;2;2;10;2;1;2;5;6;3;3;1;2;2;3;2;2;0,6
668;1;3;5;1;1;2;18;2;1;3;5;6;3;3;2;4;1;1;2;2;1,76
669;2;2;1;1;1;8;20;1;1;1;3;7;3;5;2;4;;1;2;2;1,3
670;1;2;1;1;1;6;10;4;1;1;2;6;1;2;1;2;2;2;2;2;0,93
671;2;4;4;5;1;6;5;6;1;1;4;5;4;2;1;1;;2;3;2;0,5
672;2;5;5;5;1;5;16;3;1;1;5;10;3;3;2;6;;2;4;;1,98
673;2;3;4;5;2;5;16;1;1;1;5;5;4;2;2;6;;3;3;2;0,67
674;1;3;2;4;2;5;7;5;1;1;1;7;5;3;1;2;1;3;3;2;1,52
675;2;6;1;1;1;6;17;4;1;2;2;7;3;2;2;7;2;1;4;2;1,4
676;1;5;4;5;1;3;20;1;1;1;2;7;4;4;2;4;;2;4;2;1,58
677;2;3;1;4;1;5;13;6;1;1;1;8;2;3;1;1;;2;3;3;0,63
678;1;2;4;4;1;4;11;4;1;1;5;3;3;2;1;2;2;2;2;1;1,06
679;2;6;1;2;2;7;16;5;1;1;3;2;3;2;2;6;;3;4;1;0,23
680;1;6;2;5;1;5;10;1;1;2;4;7;4;3;1;2;2;2;4;2;1,4
681;2;4;4;6;1;5;16;2;1;1;2;4;3;2;2;6;;2;3;1;0,5
682;2;6;1;1;2;3;17;4;1;3;2;3;1;4;2;7;2;3;4;1;0,23
683;1;3;1;6;2;5;10;4;1;1;1;3;3;2;1;2;2;3;3;1;0,27
684;1;4;1;6;1;5;10;3;1;3;3;7;3;3;1;2;2;2;3;2;0,42
685;2;1;4;2;1;4;14;4;1;1;1;8;3;2;2;5;;2;1;3;1,97
686;2;1;2;1;1;4;14;6;1;3;2;3;1;3;2;5;;2;1;1;0,43
687;1;5;1;4;1;5;9;4;1;1;1;1;3;2;1;2;2;2;4;1;0,7
688;2;3;2;4;1;5;10;1;1;1;2;8;3;3;1;2;2;2;3;3;1,02
689;1;2;3;6;2;4;5;5;1;1;3;8;4;2;1;1;;3;2;3;0,16
690;1;3;5;5;2;4;18;3;1;1;4;1;3;2;2;4;2;3;3;1;0,31
691;2;5;3;3;1;6;16;3;1;1;1;7;2;2;2;6;;2;3;2;0,63
692;1;2;3;2;1;4;10;1;1;1;1;8;1;2;1;2;1;2;2;3;1,19
693;2;6;3;3;1;3;3;1;1;1;1;3;3;5;1;1;;1;4;1;1,47
694;2;4;4;4;1;5;16;6;1;1;5;6;5;3;2;6;;1;3;2;2,23
695;2;2;5;4;1;7;11;6;1;1;2;3;3;4;1;2;2;1;2;1;0,48
696;2;6;2;2;1;5;16;6;1;3;4;6;1;2;2;6;;1;4;2;2,11
697;2;3;3;4;1;6;3;6;1;3;2;3;3;2;1;1;;1;3;1;1,88
698;2;3;2;5;2;2;18;5;1;1;2;8;4;3;2;4;1;3;2;3;0,21
699;2;2;2;5;2;6;10;6;1;1;5;5;4;2;1;2;1;3;2;2;0,7
700;2;4;1;6;1;5;10;3;1;3;3;10;3;3;1;2;2;2;3;;0,58
701;2;4;5;2;1;6;16;6;1;1;2;7;1;3;2;6;;2;3;2;0,93
702;1;2;4;4;1;1;10;3;1;2;1;7;5;5;1;2;2;2;2;2;0,73
703;1;2;2;3;2;4;14;6;1;3;5;7;2;2;2;5;;3;2;2;1,8
704;1;5;3;5;1;3;9;4;1;1;1;5;3;4;1;2;2;2;4;2;0,7
705;2;4;3;1;1;2;11;3;3;3;3;8;5;3;1;2;2;2;3;3;0,49
706;1;4;5;5;1;5;10;6;1;1;1;6;3;3;1;2;2;2;3;2;0,87
707;2;3;4;4;1;5;16;2;1;1;2;6;2;3;2;6;;1;3;2;1,92
708;1;3;4;4;1;4;17;3;1;1;1;6;5;1;2;7;1;2;3;2;0,69
709;1;6;3;3;1;6;17;2;1;3;4;1;3;3;2;7;1;1;5;1;1,9
710;2;5;4;6;1;6;16;6;1;1;2;7;3;2;2;6;;1;4;2;1,35
711;1;5;3;5;1;5;10;4;1;1;1;7;4;3;1;2;1;2;4;2;0,7
712;1;4;1;1;1;6;2;6;1;1;5;7;1;3;1;1;;2;3;2;2,59
713;2;6;3;4;1;6;17;4;1;1;2;5;2;4;2;7;1;1;4;2;0,69
714;1;4;4;4;1;5;10;6;1;1;3;3;3;2;1;2;1;1;3;1;1,33
715;1;2;4;6;2;4;15;4;1;1;2;7;3;2;2;4;;3;2;2;0,37
716;2;5;1;4;1;5;1;3;1;1;2;5;3;2;1;1;;2;4;2;0,66
717;2;4;4;4;2;5;7;6;1;1;4;3;5;4;1;2;1;3;3;1;0,17
718;1;3;5;5;2;5;5;4;1;1;5;7;4;4;1;1;;3;3;2;0,3
719;2;6;4;3;1;3;20;4;1;2;2;3;5;2;2;4;;2;4;1;0,54
720;2;4;1;1;1;5;16;6;1;1;2;4;1;3;2;6;;1;3;1;1,32
721;2;1;3;4;1;4;14;7;3;3;5;7;3;2;2;5;;2;1;2;1,57
722;1;1;5;5;1;4;14;7;1;3;5;7;4;2;2;5;;2;1;2;0,5
723;2;1;2;6;1;9;14;6;1;1;1;8;4;2;2;5;;2;1;3;0,46
724;2;1;4;3;1;4;14;6;1;1;2;8;3;2;2;5;;2;1;3;1,97
725;2;4;2;1;1;5;18;6;1;1;2;7;1;3;2;4;2;1;3;2;1,97
726;1;2;5;3;1;10;21;4;1;1;1;8;3;3;;;;2;2;3;0,88
727;1;6;5;5;1;5;5;6;1;1;2;6;4;4;1;1;;2;4;2;0,64
728;2;4;1;2;2;5;10;2;1;1;4;4;3;2;1;2;2;3;3;1;0,15
729;2;3;2;4;1;2;10;6;1;1;5;8;3;3;1;2;2;2;3;3;2,57
730;2;3;1;1;1;5;16;5;1;2;4;6;1;2;2;6;;2;2;2;2,64
731;1;4;3;3;2;9;11;7;1;1;2;8;2;3;1;2;2;3;3;3;1,04
732;1;2;3;2;1;1;12;1;1;1;2;7;1;2;1;3;2;2;2;2;1,19
733;1;3;1;4;1;2;10;7;1;3;4;10;3;4;1;2;1;2;3;;3,44
734;1;3;4;5;1;4;10;3;1;1;2;8;3;2;1;2;2;2;2;3;0,69
735;2;1;4;1;2;4;10;4;1;1;1;6;1;2;1;2;1;3;1;2;0,16
736;2;3;3;5;2;6;11;5;1;1;1;8;4;3;1;2;2;3;2;3;0,1
737;2;5;4;5;1;5;16;4;1;1;2;10;3;3;2;6;;2;4;;2,67
738;1;6;2;4;1;6;17;4;1;2;2;3;5;2;2;7;2;2;4;1;0,84
739;2;1;2;2;1;3;10;5;1;3;2;8;3;3;1;2;2;2;1;3;0,76
740;1;6;2;3;1;5;17;4;1;1;1;6;2;2;2;7;2;1;4;2;0,84
741;2;6;4;4;1;6;16;6;1;1;3;6;3;2;2;6;;1;4;2;2,29
742;2;2;3;1;2;3;10;3;1;3;3;6;1;3;1;2;2;3;2;2;0,85
743;2;4;3;6;1;5;16;6;1;1;1;3;4;2;2;6;;1;3;1;0,68
744;1;5;2;5;2;6;7;5;1;1;1;5;3;3;1;2;2;3;4;2;0,38
745;2;2;2;2;1;2;10;3;1;3;5;7;1;3;1;2;2;2;2;2;2,03
746;1;2;4;4;2;4;7;5;1;1;2;6;3;2;1;2;1;3;2;2;0,34
747;2;6;2;3;1;5;17;6;1;1;2;4;2;3;2;7;2;1;4;1;0,5
748;2;5;1;6;2;5;17;2;1;2;1;3;4;1;2;7;1;3;4;1;0,47
749;1;3;4;4;2;4;10;4;1;3;3;6;5;2;1;2;1;3;3;2;0,25
750;1;2;2;5;1;6;4;3;1;1;2;3;4;2;1;1;;2;2;1;1,17
751;1;5;1;4;1;5;10;1;1;1;2;6;3;4;1;2;2;2;3;2;1,5
752;2;6;2;1;2;9;17;2;1;1;2;3;1;2;2;7;1;3;4;1;0,17
753;2;2;5;4;1;10;14;6;1;3;5;10;5;2;2;5;;2;2;;2,14
754;1;4;4;5;1;9;6;2;1;1;2;3;4;3;1;2;1;2;3;1;0,41
755;2;5;1;6;1;4;10;1;1;1;5;5;3;3;1;2;2;2;4;2;1,48
756;1;4;3;4;2;6;8;4;1;1;2;6;3;2;1;2;1;3;3;2;0,53
757;2;1;3;6;1;1;21;7;1;1;4;10;4;4;;;;2;1;;1,57
758;2;6;4;3;1;3;17;6;1;1;3;6;3;5;2;7;2;1;4;2;2,29
759;1;2;3;5;2;5;5;3;1;1;1;3;4;2;1;1;;3;2;1;0,53
760;2;5;1;2;1;6;5;3;1;1;2;7;1;3;1;1;;2;5;2;0,7
761;1;2;5;5;1;4;14;6;1;1;1;7;4;4;2;5;;2;2;2;1,87
762;2;2;5;2;1;5;5;2;1;1;2;3;1;2;1;1;;1;2;1;0,48
763;2;6;2;1;1;6;17;2;1;1;2;3;1;3;2;7;2;1;4;1;1,07
764;1;1;1;2;1;1;10;7;1;1;2;5;3;1;1;2;1;2;1;2;0,67
765;2;6;2;3;1;3;17;4;1;1;2;6;3;3;2;7;2;1;4;2;0,5
766;2;6;2;4;1;3;17;3;1;1;3;3;5;2;2;7;2;1;5;1;0,5
767;1;3;4;4;1;5;12;3;1;3;2;2;5;3;1;3;2;2;2;1;0,73
768;2;2;2;2;1;3;5;3;1;1;2;5;1;4;1;1;;2;2;2;0,33
769;2;1;3;6;1;1;5;5;1;1;2;7;4;3;1;1;;2;2;2;0,36
770;1;1;4;4;2;4;14;6;1;1;4;3;3;4;2;5;;3;2;1;1,23
771;2;6;3;6;1;6;16;7;1;1;2;6;4;2;2;6;;2;4;2;2,9
772;2;2;3;6;2;6;11;2;1;1;4;7;3;2;1;2;2;3;2;2;0,85
773;1;4;4;4;1;5;10;5;1;1;2;7;3;3;1;2;2;2;3;2;0,41
774;2;6;3;5;1;5;17;6;1;1;1;4;4;3;2;7;1;2;4;1;1,47
775;1;2;1;6;2;6;10;6;1;1;1;6;4;2;1;2;2;3;2;2;0,3
776;2;2;4;3;2;4;7;6;1;1;1;7;5;1;1;2;1;3;2;2;1,14
777;2;4;4;5;1;4;10;2;1;1;5;6;3;2;1;2;2;2;3;2;2,23
778;1;3;4;3;2;5;5;2;1;1;3;5;2;2;1;1;;3;3;2;0,54
779;1;1;3;1;2;4;14;5;1;1;1;8;1;2;2;5;;3;2;3;0,12
780;2;6;3;4;1;7;17;5;1;1;1;7;3;3;2;7;1;1;4;2;0,66
781;2;6;2;5;1;7;17;3;1;1;2;6;4;2;2;7;2;1;5;2;2,11
782;2;5;3;6;1;10;10;6;1;1;3;6;4;3;1;2;2;2;3;2;0,67
783;1;2;4;5;2;4;18;2;1;1;2;5;4;5;2;4;2;3;2;2;0,61
784;2;4;4;3;1;6;10;4;1;1;1;2;2;3;1;2;2;2;3;1;2,23
785;1;2;4;4;2;5;10;5;1;2;2;3;3;3;1;2;2;3;2;1;0,37
786;2;4;2;2;2;3;5;3;5;3;3;5;5;3;1;1;;3;3;2;0,15
787;2;5;3;6;1;5;10;6;1;3;5;7;4;2;1;2;2;2;4;2;1,11
788;1;5;3;3;1;3;11;6;1;1;1;7;3;4;1;2;2;1;4;2;0,67
789;2;4;4;6;1;4;18;6;1;1;5;6;4;3;2;4;2;2;3;2;2,23
790;1;6;1;4;1;3;17;2;1;3;3;7;3;2;2;7;1;1;4;2;1,59
791;1;5;1;6;1;6;17;6;1;2;5;9;4;2;2;7;2;2;4;4;2,95
792;2;4;2;3;1;2;10;6;1;1;1;6;5;2;1;2;2;2;3;2;1,97
793;2;2;4;2;2;5;1;4;1;1;1;3;3;1;1;1;;3;2;1;0,26
794;2;4;4;5;1;5;10;6;1;1;2;4;4;3;1;2;2;2;3;1;0,5
795;2;5;2;5;1;5;16;5;1;1;3;7;3;2;2;6;;1;4;2;0,73
796;2;1;1;1;1;4;14;6;1;1;5;8;3;2;2;5;;2;1;3;1,47
797;1;2;4;3;1;4;18;2;1;1;3;3;3;4;2;4;2;2;2;1;1,76
798;2;3;3;1;2;9;18;6;1;1;2;5;1;3;2;4;1;3;2;2;0,26
799;2;3;2;3;1;3;9;2;1;1;1;3;2;1;1;2;2;1;3;1;0,42
800;1;6;1;3;1;3;17;4;1;2;3;7;2;2;2;7;2;2;5;2;0,75
801;2;3;1;1;2;6;8;4;1;3;2;3;3;2;1;2;1;3;2;1;0,92
802;1;6;4;2;1;5;17;1;1;1;4;6;5;4;2;7;1;1;5;2;4,58
803;2;2;3;2;1;6;14;1;1;1;1;7;1;3;2;5;;2;2;2;2,46
804;1;3;4;5;1;9;6;3;1;1;2;2;4;2;1;2;1;2;3;1;0,47
805;1;3;4;5;1;9;6;2;1;1;2;3;4;3;1;2;1;2;3;1;0,5
806;2;5;5;4;1;6;4;6;1;1;2;7;2;3;1;1;;2;4;2;0,45
807;1;2;1;6;1;5;5;1;1;1;1;4;3;2;1;1;;2;2;1;0,64
808;1;2;5;3;2;5;5;6;1;1;3;10;3;3;1;1;;3;2;;0,31
809;1;4;1;2;1;5;12;6;1;3;2;8;1;3;1;3;2;2;3;3;0,59
810;2;4;1;6;1;2;11;5;1;1;5;7;4;3;1;2;2;2;3;2;1,32
811;2;2;3;4;2;9;10;5;1;1;1;5;2;3;1;2;2;3;2;2;0,2
812;2;6;3;6;1;7;17;6;1;3;3;9;4;3;2;7;2;1;5;4;2,9
813;1;2;2;6;2;4;10;6;1;1;1;3;4;2;1;2;2;3;2;1;1,8
814;1;2;4;6;1;9;5;6;1;1;2;7;4;2;1;1;;2;2;2;2,08
815;2;6;4;1;1;7;17;7;1;1;2;4;1;3;2;7;2;2;5;1;2,29
816;2;2;4;2;1;6;16;7;1;3;5;10;5;4;2;6;;2;2;;3,3
817;1;3;4;3;1;5;11;1;1;1;5;5;3;2;1;2;1;2;2;2;0,69
818;1;4;1;6;1;5;10;2;1;2;5;6;3;2;1;2;2;2;3;2;1,21
819;1;5;4;1;1;5;10;1;1;1;4;6;1;3;1;2;1;2;4;2;1,71
820;1;2;2;3;1;1;20;6;1;2;5;8;3;3;2;4;;1;2;3;5,19
821;1;3;4;3;1;9;6;2;1;1;2;3;2;3;1;2;1;2;3;1;0,47
822;1;2;1;6;1;5;12;6;1;1;5;6;3;3;1;3;2;2;2;2;0,88
823;2;6;1;6;2;6;5;2;1;3;5;7;4;3;1;1;;3;4;2;0,48
824;2;4;1;3;1;6;12;7;1;1;3;8;3;3;1;3;1;1;3;3;1,32
825;2;4;1;2;1;5;10;7;1;1;2;5;1;3;1;2;2;2;3;2;2,61
826;2;6;4;6;1;5;16;6;1;1;5;6;4;2;2;6;;2;4;2;0,52
827;2;6;1;6;1;6;18;2;1;1;2;7;3;3;2;4;2;1;4;2;1,4
828;2;2;2;3;1;4;12;2;1;2;3;5;2;3;1;3;2;2;2;2;1,03
829;2;4;1;6;1;7;10;2;1;1;3;7;3;4;1;2;2;1;3;2;1,32
830;2;2;5;6;2;4;20;6;1;1;1;7;4;2;2;4;;3;2;2;0,12
831;1;1;4;3;1;4;14;1;1;2;4;7;3;4;2;5;;2;1;2;3,55
832;2;4;3;6;2;5;10;4;1;3;2;3;4;2;1;2;1;3;3;1;0,25
833;1;2;1;6;2;4;4;5;3;1;1;9;4;2;1;1;;3;2;4;1,35
834;2;4;2;6;1;4;4;1;1;1;3;8;3;4;1;1;;2;3;3;0,78
835;1;3;2;6;1;5;3;4;1;1;2;2;4;1;1;1;;2;2;1;1,05
836;2;5;2;2;2;2;9;2;1;3;4;8;1;3;1;2;2;3;4;3;1,06
837;2;3;4;4;1;5;18;2;1;1;2;5;3;4;2;4;2;2;2;2;1,92
838;2;4;1;3;2;5;4;4;1;2;1;3;2;3;1;1;;3;3;1;0,14
839;2;5;5;3;1;4;10;6;1;1;4;7;5;2;1;2;2;2;4;2;0,45
840;1;2;1;1;2;4;10;4;1;2;4;8;1;2;1;2;2;3;2;3;0,32
841;2;5;3;6;1;10;16;7;1;1;2;3;4;3;2;6;;2;4;1;2,8
842;2;5;3;6;1;6;12;7;1;1;2;7;3;4;1;3;2;2;3;2;0,63
843;2;1;4;2;1;2;10;6;1;1;2;2;3;3;1;2;1;2;1;1;0,32
844;2;2;5;5;2;1;10;2;1;1;1;3;4;2;1;2;1;3;2;1;0,17
845;2;6;4;2;1;5;16;6;1;1;4;3;5;4;2;6;;1;4;1;2,29
846;2;5;3;5;1;6;17;4;1;1;5;3;3;2;2;7;2;1;4;1;0,67
847;1;2;5;3;1;4;14;6;1;1;5;5;3;1;2;5;;2;2;2;0,88
848;2;3;2;2;1;3;7;5;4;3;4;3;1;2;1;2;1;2;2;1;0,42
849;1;2;1;4;1;5;4;6;1;1;3;10;2;3;1;1;;2;2;;1,54
850;2;4;3;4;2;5;8;4;1;1;1;7;3;2;1;2;1;3;3;2;0,16
851;2;3;4;4;1;5;16;4;1;1;2;6;3;4;2;6;;2;2;2;0,86
852;2;4;2;4;2;5;10;3;1;2;3;4;5;3;1;2;2;3;3;1;0,11
853;2;2;2;3;1;3;8;4;1;3;3;5;2;3;1;2;1;2;2;2;0,95
854;1;3;2;2;1;4;8;4;1;2;2;3;1;2;1;2;2;2;3;1;2,06
855;2;5;4;5;1;5;16;5;1;1;3;6;3;2;2;6;;2;3;2;0,6
856;1;2;5;6;2;4;10;3;1;1;2;7;3;3;1;2;2;3;2;2;1,28
857;1;2;3;3;2;5;3;5;1;1;2;1;3;3;1;1;;3;2;1;0,24
858;1;1;4;5;1;4;14;5;1;1;2;8;3;1;2;5;;2;1;3;0,8
859;2;5;4;4;1;6;17;5;1;3;1;6;2;2;2;7;2;2;4;2;0,64
860;1;1;4;6;1;9;14;4;1;1;1;8;4;4;2;5;;2;2;3;0,85
861;2;5;1;3;2;3;9;5;1;2;2;3;3;2;1;2;2;3;4;1;0,24
862;2;3;5;3;2;7;3;6;1;1;4;7;3;4;1;1;;3;2;2;0,24
863;2;1;1;6;1;9;14;4;1;1;5;8;4;2;2;5;;2;1;3;0,35
864;2;6;4;5;2;5;17;4;1;1;4;5;3;3;2;7;1;3;4;2;0,79
865;2;6;2;2;1;5;16;2;1;3;1;6;1;3;2;6;;1;4;2;1,07
866;1;3;1;6;2;5;1;5;1;2;1;5;4;2;1;1;;3;2;2;0,18
867;2;4;4;5;1;5;10;4;1;1;3;5;3;4;1;2;1;2;3;2;0,5
868;2;2;2;6;2;6;9;4;1;1;2;5;4;2;1;2;2;3;2;2;0,17
869;2;2;1;6;1;1;14;6;1;2;4;4;3;3;2;5;;2;2;1;0,43
870;2;6;4;1;1;5;17;6;1;1;5;2;3;4;2;7;2;2;4;1;2,29
871;2;2;2;3;2;5;10;4;1;1;2;5;3;2;1;2;2;3;2;2;0,17
872;1;3;5;4;1;5;10;6;1;3;5;4;3;2;1;2;2;2;2;1;0,85
873;2;2;1;4;1;1;10;2;1;3;2;7;3;5;1;2;2;2;2;2;2,79
874;1;1;4;4;1;4;18;4;1;3;2;7;3;3;2;4;2;2;2;2;0,85
875;1;2;1;4;2;1;11;2;1;1;2;3;3;2;1;2;1;3;2;1;0,22
876;1;2;3;4;2;4;10;4;1;2;3;8;5;2;1;2;2;3;2;3;0,25
877;2;1;4;5;1;4;14;7;1;1;5;6;4;2;2;5;;2;1;2;1,97
878;1;2;5;2;1;5;7;6;1;2;2;5;1;5;1;2;2;2;2;2;0,84
879;1;1;1;4;2;4;9;6;1;3;5;10;3;3;1;2;2;3;2;;0,52
880;2;2;1;1;1;6;10;6;1;2;2;8;1;5;1;2;2;2;2;3;2,79
881;2;6;1;3;1;3;17;2;1;2;4;7;3;3;2;7;1;2;4;2;1,4
882;1;4;2;4;1;5;11;2;1;3;3;7;2;4;1;2;2;2;3;2;1,17
883;1;4;4;3;2;5;5;2;1;1;3;5;2;2;1;1;;3;3;2;0,46
884;2;1;3;6;1;10;14;4;1;3;5;5;3;3;2;5;;2;1;2;1,57
885;2;2;2;3;1;4;10;4;3;1;1;7;3;2;1;2;2;2;2;2;0,45
886;2;2;1;1;2;4;10;3;1;1;2;6;3;2;1;2;1;3;2;2;0,45
887;1;5;1;3;2;5;17;3;1;1;2;3;3;3;2;7;2;3;4;1;0,48
888;2;5;2;6;2;5;9;5;1;1;2;3;4;2;1;2;1;3;4;1;0,16
889;1;2;3;4;2;2;10;3;1;1;2;2;3;2;1;2;1;3;2;1;0,16
890;2;1;1;2;1;5;14;4;1;1;5;7;1;2;2;5;;2;1;2;0,35
891;2;3;3;3;1;6;5;5;1;2;2;7;3;2;1;1;;2;2;2;0,31
892;2;2;2;3;2;4;10;6;1;1;2;9;3;2;1;2;1;3;2;4;0,7
893;2;1;3;1;1;4;14;6;1;1;2;8;1;2;2;5;;1;1;3;1,57
894;1;2;1;6;1;1;10;1;1;1;3;8;3;2;1;2;1;2;2;3;3,9
895;2;6;3;6;1;3;17;4;1;3;5;10;4;3;2;7;1;2;5;;0,69
896;2;4;3;4;1;5;18;4;1;1;2;6;3;3;2;4;2;2;3;2;1,52
897;1;4;4;2;1;5;12;2;1;1;2;3;1;4;1;3;2;1;3;1;1,33
898;2;6;1;6;1;3;17;4;1;2;3;8;3;2;2;7;2;2;4;3;0,66
899;2;4;5;4;1;7;10;6;1;1;2;7;5;5;1;2;2;2;3;2;0,93
900;1;2;4;4;2;4;14;1;1;1;2;6;3;3;2;5;;3;2;2;0,35
901;2;3;2;3;1;3;7;4;1;1;3;5;2;3;1;2;2;1;3;2;0,42
902;1;3;1;3;1;6;3;5;1;1;2;8;3;3;1;1;;1;3;3;0,56
903;2;6;2;4;2;5;17;5;1;2;2;3;3;3;2;7;1;3;4;1;0,17
904;1;2;4;6;2;4;5;2;1;1;2;5;4;3;1;1;;3;2;2;0,72
905;2;1;2;1;1;4;20;6;1;1;5;6;1;3;2;4;;2;2;2;0,43
906;1;3;4;4;1;4;2;2;1;1;2;5;2;2;1;1;;2;3;2;1,42
907;2;1;1;6;1;1;14;2;1;1;2;10;4;2;2;5;;2;2;;0,74
908;2;3;3;1;1;6;16;6;1;1;2;9;1;2;2;6;;2;3;4;1,88
909;1;5;3;2;1;6;9;3;1;1;3;1;1;2;1;2;2;2;4;1;1,5
910;1;1;5;4;1;4;6;2;1;2;2;8;3;4;1;2;1;1;1;3;0,47
911;2;1;3;4;1;4;14;7;1;1;5;8;5;2;2;5;;2;1;3;0,35
912;1;1;5;4;1;4;14;4;1;1;2;8;5;2;2;5;;2;1;3;0,5
913;2;2;3;6;2;9;10;5;1;1;5;8;3;2;1;2;2;3;2;3;0,85
914;1;2;5;5;2;6;1;5;1;1;1;8;4;2;1;1;;3;2;3;0,2
915;1;1;1;4;1;4;14;6;1;2;1;8;3;2;2;5;;1;1;3;0,67
916;1;5;1;2;1;6;17;4;1;1;1;3;1;2;2;7;1;1;4;1;0,67
917;2;1;2;2;2;2;7;5;5;3;2;4;5;3;1;2;2;3;1;1;0,67
918;2;1;1;1;1;4;14;5;1;1;1;8;1;3;2;5;;2;1;3;1,47
919;2;4;5;1;1;7;16;4;1;1;1;6;1;2;2;6;;2;3;2;0,44
920;1;3;5;1;2;5;3;3;1;1;2;8;1;3;1;1;;3;3;3;0,21
921;2;6;1;4;1;8;17;6;1;3;5;1;3;2;2;7;2;1;5;1;2,75
922;1;3;5;2;1;6;8;4;1;1;2;4;1;5;1;2;2;2;3;1;0,85
923;2;3;5;4;2;5;10;5;1;1;3;7;5;2;1;2;2;3;3;2;0,17
924;1;2;5;6;2;6;10;4;1;3;4;3;4;2;1;2;1;3;2;1;0,31
925;2;1;3;6;1;4;14;5;1;1;1;7;3;3;2;5;;2;1;2;0,37
926;2;4;2;4;1;3;7;4;1;2;2;4;2;2;1;2;2;2;3;1;0,78
927;1;6;2;5;2;5;17;4;1;1;1;5;3;3;2;7;2;3;4;2;0,27
928;2;1;2;4;1;3;9;3;1;1;2;3;5;3;1;2;2;2;1;1;0,31
929;1;2;1;4;2;6;11;4;1;1;2;7;2;3;1;2;1;3;2;2;0,32
930;1;5;4;4;2;5;18;4;1;1;1;8;3;3;2;4;2;3;4;3;0,28
931;2;4;4;6;1;5;10;6;1;2;3;7;4;2;1;2;2;2;3;2;0,5
932;2;6;1;6;1;6;17;6;1;1;2;6;3;2;2;7;2;2;4;2;2,75
933;2;1;4;3;1;2;3;6;1;1;2;4;2;3;1;1;;2;1;1;1
934;1;1;1;6;2;4;14;4;1;1;1;8;4;3;2;5;;3;1;3;1,03
935;2;4;2;5;1;5;9;3;1;1;3;4;3;2;1;2;2;2;3;1;1,97
936;1;2;1;3;2;6;4;6;1;1;1;8;3;1;1;1;;3;2;3;0,3
937;2;5;1;4;1;5;4;3;1;2;3;7;3;2;1;1;;2;4;2;0,7
938;2;3;2;3;2;3;6;4;1;2;1;4;2;2;1;2;1;3;2;1;0,2
939;2;5;4;3;2;5;1;2;1;1;5;2;3;3;1;1;;3;4;1;0,21
940;1;4;3;6;1;5;1;6;1;1;1;5;4;2;1;1;;2;3;2;2,99
941;1;2;4;4;2;4;10;2;1;1;1;7;2;3;1;2;2;3;2;2;0,35
942;1;1;1;2;1;9;14;6;1;1;2;8;3;3;2;5;;1;1;3;2,98
943;2;2;4;4;2;4;15;5;1;1;1;7;5;2;2;4;;3;2;2;0,18
944;1;4;4;2;2;6;6;3;1;1;3;5;1;3;1;2;2;3;3;2;0,22
945;2;2;3;4;2;4;18;7;1;1;5;7;3;2;2;4;2;3;2;2;0,34
946;2;5;2;6;1;5;10;2;1;1;2;5;3;2;1;2;2;2;4;2;3,07
947;2;3;2;1;1;5;16;7;1;1;5;2;1;3;2;6;;1;2;1;0,58
948;2;2;1;1;2;7;18;3;1;1;5;8;1;3;2;4;2;3;2;3;0,97
949;1;6;1;1;1;5;17;4;1;1;2;6;3;3;2;7;2;2;4;2;0,75
950;2;5;2;2;1;5;10;1;1;2;4;7;1;2;1;2;2;1;4;2;1,55
951;2;2;3;6;2;6;10;7;1;1;2;8;4;2;1;2;1;3;2;3;0,19
952;2;4;1;6;1;5;21;6;1;1;5;7;4;2;;;;1;3;2;2,61
953;2;5;4;3;1;8;16;6;1;1;5;5;2;4;2;6;;1;3;2;0,6
954;2;6;2;4;1;8;17;1;1;2;2;7;3;3;2;7;2;1;4;2;2,11
955;1;6;1;1;1;5;17;3;1;1;2;6;1;2;2;7;2;2;4;2;0,75
956;2;3;2;3;1;4;7;4;1;1;3;3;3;3;1;2;2;2;2;1;1,2
957;1;5;5;1;1;6;9;5;1;1;2;7;3;2;1;2;2;1;4;2;1,04
958;2;2;3;5;2;5;11;2;1;1;2;4;4;2;1;2;2;3;2;1;0,85
959;2;1;1;1;1;4;5;7;1;3;5;7;1;3;1;1;;1;1;2;1,47
960;2;6;5;6;1;3;16;1;1;1;4;4;4;2;2;6;;1;5;1;1,3
961;2;2;1;3;1;5;12;6;1;1;5;8;3;5;1;3;2;2;2;3;2,79
962;1;6;3;3;1;6;17;4;1;1;1;7;2;3;2;7;2;2;4;2;0,89
963;2;1;2;6;1;4;14;6;1;1;2;7;3;2;2;5;;2;1;2;1,92
964;1;6;5;6;1;9;15;5;1;1;5;6;4;4;2;4;;1;1;2;0,64
965;2;5;4;5;1;5;10;4;1;2;2;3;3;3;1;2;1;2;4;1;1,35
966;2;3;2;3;2;3;8;3;1;2;2;4;2;2;1;2;2;3;3;1;0,42
967;2;5;4;5;2;5;7;4;1;1;2;3;4;2;1;2;1;3;3;1;0,21
968;1;3;2;5;2;6;10;4;1;1;2;8;4;2;1;2;1;3;2;3;0,34
969;2;1;1;6;1;4;14;4;1;1;1;8;3;4;2;5;;1;1;3;0,35
970;2;6;2;3;2;9;5;2;1;3;2;6;3;3;1;1;;3;4;2;0,37
971;1;2;5;3;1;4;6;3;1;2;2;7;2;5;1;2;1;1;2;2;0,61
972;1;4;1;4;2;2;10;3;1;1;2;6;3;2;1;2;2;3;3;2;0,45
973;1;2;5;6;1;5;14;4;1;1;1;7;4;2;2;5;;2;2;2;0,84
974;1;2;4;6;1;4;6;4;1;1;1;6;3;2;1;2;1;2;2;2;0,69
975;1;1;2;3;1;4;18;5;1;1;2;8;2;4;2;4;2;2;1;3;4,81
976;2;6;5;3;1;6;16;2;1;1;1;7;3;3;2;6;;1;4;2;1,41
977;1;2;1;3;2;1;8;6;1;2;4;8;5;2;1;2;1;3;2;3;1,35
978;2;3;2;3;1;3;7;3;1;1;3;6;3;3;1;2;2;2;2;2;0,4
979;2;2;1;4;2;5;8;4;1;1;5;5;2;2;1;2;1;3;2;2;0,23
980;2;1;1;1;1;4;14;5;1;2;3;8;1;2;2;5;;2;1;3;0,35
981;1;3;1;2;1;2;10;2;1;1;4;5;5;3;1;2;2;2;2;2;1,74
982;2;3;3;4;1;5;10;7;1;1;5;7;5;4;1;2;2;2;2;2;1,88
983;2;1;3;6;1;4;14;5;1;1;1;5;4;2;2;5;;2;5;2;0,37
984;1;2;2;2;2;1;7;2;1;1;1;8;1;2;1;2;1;3;2;3;0,91
985;1;1;3;4;2;9;14;6;1;1;5;5;3;2;2;5;;3;1;2;0,73
986;1;1;1;4;2;4;10;3;1;2;1;5;3;2;1;2;2;3;2;2;1,03
987;1;1;3;3;1;9;12;4;1;2;3;4;2;3;1;3;1;1;1;1;0,35
988;1;1;5;3;1;10;21;7;1;1;2;6;2;2;;;;1;1;2;0,98
989;2;1;2;3;1;4;8;3;1;1;2;4;5;3;1;2;2;1;1;1;0,3
990;1;3;5;2;1;10;12;6;1;1;2;3;5;3;1;3;2;1;2;1;0,85
991;1;3;1;1;1;9;18;6;1;1;2;6;3;5;2;4;2;2;3;2;0,78
992;2;1;5;1;1;4;14;5;1;1;2;4;1;2;2;5;;2;1;1;3,32
993;2;5;2;5;1;6;4;3;3;1;1;9;3;4;1;1;;2;4;4;0,69
994;2;4;4;5;1;5;16;5;1;1;1;7;3;2;2;6;;2;3;2;2,23
995;1;4;2;6;1;6;10;5;1;1;4;8;3;2;1;2;2;1;3;3;0,52
996;1;1;3;6;1;4;14;5;1;1;1;6;3;1;2;5;;2;1;2;0,5
997;2;6;5;6;1;6;16;3;1;1;2;5;4;2;2;6;;2;4;2;0,63
998;2;6;4;5;1;5;1;3;1;1;5;6;4;2;1;1;;2;4;2;2,29
999;1;2;2;5;2;6;10;3;1;2;1;6;3;3;1;2;2;3;2;2;0,28
1000;2;6;1;2;1;3;17;3;1;1;2;4;3;2;2;7;2;1;5;1;0,66
1001;1;1;4;3;1;5;14;5;1;1;5;7;3;2;2;5;;2;1;2;3,55
1002;1;1;3;4;2;7;4;5;1;1;1;9;5;2;1;1;;3;2;4;0,11
1003;1;6;1;6;1;5;17;4;1;1;3;7;3;2;2;7;2;2;5;2;0,75
1004;2;3;3;2;1;7;13;6;1;1;5;6;1;3;1;1;;2;3;2;1,88
1005;2;1;2;5;1;4;6;5;1;1;2;8;3;3;1;2;1;1;1;3;0,43
1006;2;2;3;2;1;4;11;7;1;1;5;3;5;2;1;2;2;2;2;1;2,46
1007;2;2;5;3;1;5;12;6;1;1;5;4;3;4;1;3;2;1;2;1;2,14
1008;1;6;4;2;1;6;10;4;1;1;2;6;3;2;1;2;1;2;4;2;1,09
1009;2;1;2;6;1;9;14;5;1;1;2;8;4;2;2;5;;2;1;3;0,3
1010;2;2;2;3;2;5;10;2;1;2;2;7;2;2;1;2;2;3;2;2;0,17
1011;2;2;3;2;1;4;16;7;1;1;2;9;1;3;2;6;;2;2;4;2,46
1012;1;4;2;3;1;2;8;4;1;1;3;4;2;2;1;2;1;1;3;1;0,51
1013;2;2;1;6;2;1;9;5;1;1;1;8;4;2;1;2;2;3;2;3;0,45
1014;2;2;2;3;1;4;4;4;1;1;3;4;2;3;1;1;;2;2;1;0,33
1015;1;2;2;2;1;3;9;2;1;1;3;6;5;3;1;2;2;1;2;2;1,16
1016;2;2;4;4;1;5;10;5;1;1;2;3;3;2;1;2;1;1;2;1;1,67
1017;1;6;4;5;1;5;17;5;1;1;1;6;4;2;2;7;2;2;4;2;1,09
1018;1;1;4;4;2;4;14;4;1;2;1;8;3;2;2;5;;3;2;3;0,19
1019;1;1;2;3;1;4;14;6;3;1;2;7;3;2;2;5;;1;1;2;4,81
1020;2;5;5;2;1;5;16;2;1;1;1;6;1;4;2;6;;1;4;2;0,78
1021;2;3;1;5;1;6;10;5;1;1;1;7;4;2;1;2;2;2;3;2;2,64
1022;1;1;3;4;1;2;8;5;1;1;2;7;2;2;1;2;1;2;1;2;2,1
1023;1;4;3;6;1;5;10;6;1;1;5;10;4;4;1;2;2;2;3;;2,99
1024;1;3;4;5;2;4;5;5;1;2;3;8;3;2;1;1;;3;3;3;0,25
1025;2;3;4;4;1;5;10;6;1;1;2;5;3;2;1;2;2;2;2;2;3,79
1026;1;1;1;4;1;4;14;2;1;2;3;5;2;2;2;5;;2;1;2;1,39
1027;2;1;3;5;2;4;14;7;1;3;5;7;3;3;2;5;;3;2;2;0,54
1028;2;2;3;3;2;8;14;6;1;1;2;6;2;2;2;5;;3;2;2;0,19
1029;1;4;2;3;1;2;10;5;1;3;1;5;2;3;1;2;2;2;3;2;0,55
1030;1;2;1;4;2;4;10;3;1;1;2;6;2;2;1;2;2;3;2;2;0,69
1031;2;3;3;6;2;6;10;5;1;2;2;8;4;2;1;2;2;3;2;3;0,11
1032;2;5;3;6;2;5;10;3;1;1;1;9;3;4;1;2;1;3;4;4;0,22
1033;2;3;1;1;1;5;11;1;1;1;5;3;3;3;1;2;1;2;3;1;1,34
1034;2;5;1;2;1;6;17;2;1;1;4;5;3;2;2;7;2;1;4;2;1,37
1035;1;5;3;6;2;5;5;4;1;1;2;6;4;4;1;1;;3;4;2;0,24
1036;2;4;2;4;1;4;7;2;1;2;2;4;2;3;1;2;2;2;3;1;0,32
1037;2;4;1;1;2;10;7;5;1;3;1;8;1;2;1;2;1;3;3;3;0,22
1038;1;2;5;6;2;4;10;4;1;3;2;7;3;2;1;2;2;3;2;2;0,31
1039;1;2;4;3;2;4;5;4;1;1;4;7;5;2;1;1;;3;2;2;0,37
1040;1;6;2;2;1;5;17;2;1;1;4;7;1;3;2;7;1;2;4;2;1,79
1041;1;1;5;2;1;8;14;6;1;1;5;6;3;2;2;5;;2;1;2;0,47
1042;2;3;1;4;1;5;11;6;1;1;1;7;2;2;1;2;2;1;3;2;2,64
1043;1;1;4;4;1;4;14;4;1;1;1;5;3;2;2;5;;1;1;2;0,8
1044;2;1;4;1;1;4;20;7;1;3;3;10;5;3;2;4;;2;1;;1,97
1045;1;3;3;3;1;6;12;4;1;1;2;8;3;4;1;3;2;2;2;3;1,92
1046;1;2;3;6;1;5;2;6;1;1;3;7;3;3;1;1;;2;2;2;3,01
1047;2;3;1;1;1;5;16;3;1;2;2;7;1;2;2;6;;2;2;2;1,34
1048;1;2;2;6;2;1;10;5;1;1;2;8;3;2;1;2;2;3;2;3;0,43
1049;2;3;3;1;1;5;10;1;1;3;2;7;1;3;1;2;2;2;3;2;0,95
1050;2;4;5;5;1;5;18;7;1;1;2;1;4;3;2;4;2;1;3;1;1,83
1051;1;2;3;2;1;4;18;1;1;1;2;7;3;3;2;4;2;2;2;2;1,53
1052;1;1;4;3;1;7;14;4;3;1;5;6;5;2;2;5;;2;1;2;0,85
1053;2;5;3;6;1;6;16;4;1;2;3;4;4;3;2;6;;1;4;1;2,8
1054;1;1;5;4;1;4;14;7;1;3;1;7;3;3;2;5;;2;1;2;2,09
1055;2;4;2;2;1;2;10;2;1;1;1;7;1;2;1;2;2;2;3;2;1
1056;2;3;1;1;1;4;20;1;1;1;2;5;1;5;2;4;;1;3;2;1,34
1057;1;3;3;6;1;2;15;5;1;1;1;5;4;2;2;4;;2;2;2;1,32
1058;2;1;1;6;2;6;14;4;1;1;2;6;4;3;2;5;;3;1;2;0,26
1059;2;1;2;4;1;1;20;5;3;1;2;8;2;2;2;4;;2;1;3;0,46
1060;1;4;1;3;1;5;10;3;1;1;2;5;2;2;1;2;2;2;3;2;0,62
1061;1;6;1;3;1;5;17;3;1;2;2;3;2;2;2;7;2;1;4;1;1,59
1062;2;2;1;1;2;4;10;7;1;1;2;7;1;3;1;2;1;3;2;2;0,97
1063;1;2;4;3;2;1;10;4;1;1;5;7;2;2;1;2;1;3;2;2;0,24
1064;2;1;5;6;1;4;14;6;3;1;5;8;3;3;2;5;;2;1;3;0,79
1065;1;2;5;5;2;6;10;5;1;2;3;8;4;2;1;2;2;3;2;3;0,21
1066;2;5;2;3;1;6;16;4;1;3;5;3;2;2;2;6;;2;4;1;0,73
1067;2;4;3;4;1;5;12;6;1;1;5;6;3;4;1;3;2;1;3;2;3
1068;1;1;1;1;2;4;14;4;3;3;2;9;1;2;2;5;;3;1;4;0,16
1069;2;2;4;2;2;4;10;7;1;1;2;5;1;2;1;2;2;3;2;2;1,14
1070;1;3;3;6;2;6;9;3;1;1;3;4;3;3;1;2;2;3;2;1;0,43
1071;2;1;4;4;1;9;18;4;3;1;2;3;3;2;2;4;1;1;5;1;0,45
1072;1;2;4;2;1;4;18;6;1;1;2;7;3;2;2;4;2;1;2;2;0,99
1073;1;4;2;1;1;4;13;7;1;1;2;10;1;3;1;1;;1;3;;2,3
1074;2;1;5;4;1;1;14;4;1;1;2;6;2;3;2;5;;1;1;2;0,54
1075;1;3;4;3;2;6;11;1;1;1;1;1;3;1;1;2;1;3;2;1;0,54
1076;2;6;4;4;1;3;17;4;1;2;2;3;3;2;2;7;2;1;5;1;0,54
1077;1;4;5;6;2;5;9;2;1;1;4;6;4;2;1;2;1;3;3;2;0,53
1078;2;1;1;4;1;4;14;6;2;1;2;8;3;4;2;5;;2;1;3;1,47
1079;1;3;4;5;1;6;10;6;1;3;2;4;3;4;1;2;2;2;3;1;0,69
1080;2;2;2;1;2;4;7;4;1;3;4;4;1;3;1;2;2;3;2;1;0,12
1081;2;1;1;6;1;4;14;7;1;2;5;4;3;2;2;5;;2;1;1;1,47
1082;2;2;2;3;1;1;11;1;1;3;2;7;3;3;1;2;1;2;2;2;1,03
1083;2;6;3;6;1;5;17;5;1;1;1;7;3;2;2;7;2;2;4;2;0,69
1084;2;6;3;6;1;5;17;7;1;1;3;6;4;2;2;7;2;2;4;2;2,9
1085;2;1;3;2;1;4;14;5;1;1;1;6;1;2;2;5;;2;1;2;0,37
1086;1;2;1;3;1;1;18;6;1;2;2;8;5;3;2;4;2;2;2;3;3,9
1087;2;4;2;1;1;7;16;2;1;1;5;6;1;3;2;6;;2;3;2;1,97
1088;2;1;1;3;1;4;14;5;1;1;2;7;3;2;2;5;;2;1;2;0,33
1089;2;3;4;2;1;6;10;5;1;1;5;5;5;4;1;2;2;2;2;2;3,79
1090;2;2;3;4;1;4;7;4;1;3;2;4;5;2;1;2;2;2;2;1;0,38
1091;1;3;2;5;1;2;5;2;1;1;4;7;4;2;1;1;;2;2;2;2,06
1092;1;4;2;2;1;6;18;6;1;1;1;7;1;5;2;4;2;2;3;2;2,3
1093;1;1;1;4;1;4;14;4;1;1;3;5;3;2;2;5;;2;1;2;0,46
1094;1;1;3;3;1;4;14;3;1;1;2;8;3;2;2;5;;2;1;3;0,48
1095;1;1;4;3;1;4;14;4;1;2;3;8;5;2;2;5;;2;1;3;0,55
1096;1;3;1;6;1;9;18;6;1;1;5;7;4;2;2;4;1;2;3;2;1,74
1097;1;3;1;3;2;2;10;6;1;2;2;6;2;2;1;2;2;3;2;2;0,27
1098;2;1;1;3;1;4;14;7;1;3;5;7;3;2;2;5;;2;1;2;1,47
1099;1;1;3;5;2;5;14;7;1;1;5;5;4;2;2;5;;3;1;2;0,73
1100;2;4;1;3;1;5;10;1;1;1;4;6;3;2;1;2;2;1;3;2;1,32
1101;2;4;5;4;1;5;18;5;1;1;1;5;3;2;2;4;1;2;3;2;0,72
1102;2;1;2;5;2;9;14;6;2;1;3;6;4;3;2;5;;3;2;2;0,67
1103;1;1;3;6;1;4;14;3;1;2;3;8;4;1;2;5;;2;1;3;0,33
1104;1;6;2;6;2;6;17;4;1;1;1;6;4;2;2;7;2;3;4;2;0,19
1105;1;5;4;4;1;5;12;3;1;1;3;3;2;1;1;3;2;2;4;1;1,34
1106;1;6;4;3;1;6;17;3;1;3;2;2;2;2;2;7;2;1;4;1;0,71
1107;2;2;2;1;2;4;18;2;1;1;2;7;1;5;2;4;2;3;2;2;0,36
1108;1;2;3;5;2;5;10;4;1;1;2;4;4;2;1;2;1;3;2;1;0,24
1109;1;1;3;6;1;4;10;5;1;1;2;8;3;2;1;2;2;2;1;3;2,1
1110;1;2;5;2;2;1;1;4;1;1;2;7;1;3;1;1;;3;2;2;0,29
1111;1;4;2;4;1;5;10;1;1;1;1;6;5;4;1;2;1;1;3;2;1,17
1112;2;2;4;4;1;6;18;1;1;1;2;5;2;3;2;4;2;1;2;2;0,75
1113;1;1;5;1;1;9;21;4;1;1;5;5;1;3;;;;2;2;2;0,98
1114;2;5;1;2;1;5;16;2;1;1;2;3;3;3;2;6;;2;4;1;1,48
1115;2;5;2;5;1;3;10;4;1;2;1;5;3;3;1;2;1;2;4;2;0,5
1116;1;2;3;6;2;1;18;6;1;1;1;9;3;3;2;4;2;3;2;4;1,04
1117;2;4;2;3;1;6;18;5;2;1;2;6;3;3;2;4;2;2;3;2;1,97
1118;2;6;4;6;1;5;16;1;1;1;2;1;4;3;2;6;;1;4;1;1,16
1119;2;1;2;3;1;4;14;2;1;1;2;4;3;3;2;5;;1;1;1;0,97
1120;2;2;5;6;2;4;8;5;1;1;1;3;4;3;1;2;2;3;2;1;0,11
1121;2;3;4;3;2;7;15;6;1;3;5;3;5;3;2;4;;3;3;1;1,31
1122;1;1;1;1;1;4;14;1;1;1;2;4;1;3;2;5;;2;1;1;1,18
1123;2;6;1;6;1;6;17;3;1;2;2;6;4;2;2;7;2;1;4;2;2,75
1124;2;1;4;1;1;4;14;7;1;3;5;8;1;2;2;5;;2;1;3;1,97
1125;2;2;5;3;1;8;14;4;1;1;1;3;3;3;2;5;;2;2;1;0,48
1126;2;1;1;6;1;1;14;5;2;1;2;8;4;2;2;5;;2;1;3;0,23
1127;2;3;5;4;2;5;10;4;1;1;2;4;3;2;1;2;2;3;3;1;0,24
1128;1;5;1;4;2;5;20;6;1;1;2;7;5;3;2;4;;3;3;2;0,23
1129;2;1;2;5;2;6;10;4;1;1;5;7;4;2;1;2;2;3;2;2;0,67
1130;2;1;4;4;1;4;14;4;1;2;2;5;3;3;2;5;;2;1;2;0,47
1131;1;6;3;3;2;6;17;4;1;1;1;7;3;2;2;7;1;3;4;2;0,2
1132;1;5;2;1;1;6;1;2;1;2;3;6;1;3;1;1;;2;4;2;2,32
1133;2;4;3;6;2;10;9;2;1;1;3;6;4;2;1;2;2;3;3;2;0,17
1134;1;5;1;4;1;5;9;4;1;2;1;6;3;2;1;2;1;2;4;2;0,7
1135;1;5;4;4;2;5;11;5;1;1;2;3;3;3;1;2;2;3;3;1;0,18
1136;1;4;4;1;1;2;3;4;1;1;2;3;1;3;1;1;;2;3;1;0,59
1137;1;5;2;5;2;6;10;2;1;1;3;7;4;2;1;2;2;3;4;2;0,8
1138;1;6;3;3;1;3;17;5;1;1;1;8;2;3;2;7;1;2;4;3;0,89
1139;1;3;2;5;2;2;11;5;1;3;5;8;3;2;1;2;2;3;3;3;0,36
1140;1;5;3;4;1;5;10;4;1;2;3;5;3;2;1;2;2;1;4;2;0,7
1141;2;4;3;4;2;5;10;2;1;1;2;3;3;4;1;2;2;3;3;1;0,53
1142;1;4;1;1;1;2;10;4;1;2;1;6;1;2;1;2;2;1;3;2;0,4
1143;1;5;2;5;1;6;10;2;1;2;2;7;3;4;1;2;1;1;4;2;1,81
1144;1;4;5;5;1;5;10;6;1;3;5;7;4;3;1;2;1;1;3;2;0,87
1145;1;3;4;3;2;10;10;1;1;1;5;6;2;3;1;2;2;3;2;2;0,54
1146;1;4;1;3;1;5;18;2;1;2;4;7;2;5;2;4;2;1;3;2;1,31
1147;1;6;3;6;2;5;17;4;1;1;4;3;3;2;2;7;1;3;5;1;0,31
1148;2;6;3;5;1;6;17;4;1;3;5;3;3;2;2;7;2;1;4;1;1,47
1149;2;5;3;3;1;5;10;4;1;2;3;6;2;3;1;2;2;2;4;2;0,67
1150;1;6;2;6;1;3;17;5;1;3;2;7;3;2;2;7;1;1;5;2;3,53
1151;1;5;4;4;1;5;10;4;1;3;2;7;3;3;1;2;2;2;4;2;0,8
1152;2;6;1;4;2;5;17;4;1;2;3;6;3;2;2;7;1;3;4;2;0,23
1153;1;6;1;2;1;6;17;2;1;2;4;7;1;4;2;7;2;2;4;2;1,59
1154;1;5;5;4;2;5;7;4;1;1;1;3;3;3;1;2;1;3;3;1;0,38
1155;1;6;1;2;1;3;17;6;1;1;4;7;3;2;2;7;2;2;5;2;1,59
1156;1;5;1;2;1;6;1;3;1;2;3;3;1;2;1;1;;2;4;1;0,7
1157;1;6;3;4;1;5;17;4;1;1;2;7;3;3;2;7;2;2;4;2;0,89
1158;1;5;5;6;2;5;10;6;1;1;2;3;4;4;1;2;2;3;4;1;0,26
1159;1;6;4;6;1;6;17;5;1;3;3;4;4;3;2;7;1;2;4;1;1,04
1160;1;6;2;5;2;5;17;6;1;2;3;6;3;2;2;7;1;3;4;2;1,23
1161;1;4;1;2;1;6;9;5;1;2;4;6;3;2;1;2;2;2;3;2;2,59
1162;1;4;3;3;1;5;9;3;1;1;2;3;5;3;1;2;2;2;3;1;0,68
1163;1;6;1;3;1;6;17;5;1;1;1;8;2;2;2;7;2;1;4;3;0,75
1164;1;6;3;6;1;6;17;4;1;1;2;3;4;2;2;7;2;2;4;1;0,89
1165;1;4;1;4;2;5;9;3;1;3;5;6;3;2;1;2;2;3;3;2;0,21
1166;1;6;1;6;1;6;17;4;1;1;1;7;4;2;2;7;2;1;5;2;0,75
1167;1;5;3;4;1;6;17;2;1;2;3;3;3;2;2;7;1;1;5;1;1,5
1168;1;6;5;4;1;6;17;2;1;2;3;3;5;3;2;7;1;1;4;1;1,43
1169;2;6;2;4;1;6;17;4;1;1;4;3;5;3;2;7;1;2;5;1;0,5
1170;1;6;3;4;2;5;17;5;1;3;1;8;5;2;2;7;1;3;4;3;0,29
1171;1;6;1;5;2;6;17;4;1;2;5;6;4;2;2;7;2;3;5;2;0,26
1172;1;6;3;4;1;5;17;4;1;2;2;4;5;2;2;7;1;2;4;1;0,89
1173;1;6;1;2;2;6;17;4;1;2;3;5;1;2;2;7;1;3;4;2;0,17
1174;1;5;4;4;2;5;9;4;1;1;2;3;3;3;1;2;2;3;4;1;0,28
1175;1;5;1;3;1;5;4;3;1;1;2;3;3;2;1;1;;2;4;1;1,38
1176;1;5;4;1;1;5;9;7;1;2;1;8;1;3;1;2;2;2;4;3;0,8
1177;1;4;3;3;2;7;6;2;1;1;4;8;2;3;1;2;2;3;3;3;0,41
1178;1;6;1;6;1;6;17;4;1;1;2;4;3;2;2;7;2;2;4;1;0,75
1179;1;4;4;3;1;2;10;4;1;1;5;7;2;2;1;2;2;2;3;2;0,59
1180;1;3;1;2;2;4;5;7;1;2;4;3;1;2;1;1;;3;3;1;0,6
1181;1;5;2;1;1;5;10;5;1;1;2;4;1;3;1;2;2;2;4;1;0,71
1182;1;6;2;3;1;6;1;3;1;2;4;7;2;2;1;1;;2;4;2;0,8
1183;1;6;2;3;1;6;17;4;1;2;1;5;2;2;2;7;2;2;5;2;0,84
1184;1;5;1;4;1;6;9;6;1;2;1;6;3;2;1;2;2;2;4;2;0,67
1185;1;6;1;3;2;6;17;6;1;1;4;7;3;2;2;7;1;3;4;2;1,09
1186;2;4;3;1;2;6;9;4;1;1;2;6;1;2;1;2;2;3;3;2;0,25
1187;2;2;1;3;1;5;10;4;1;2;;;;;;;;;;;2,79
1188;1;6;2;1;1;5;17;4;1;1;2;6;1;3;2;7;2;2;5;2;0,84
1189;2;3;1;6;1;5;20;1;1;;;;;;;;;;;;1,34
1190;1;6;1;3;1;6;20;4;1;3;;;;;;;;;;;0,75
1191;2;4;1;6;2;5;6;4;1;2;3;;;;;;;;;;0,22
1192;2;2;5;3;1;5;16;7;1;1;5;;;;;;;;;;2,14
1193;1;2;1;5;2;6;9;4;1;2;2;;;;;;;;;;0,32
1194;1;6;3;3;2;5;20;2;1;1;2;;;;;;;;;;1,3