ID;Q002;Q005;Q006;Q007;Q008;Q009;Q010;Q011;Q012;Q013;Q014;Q015;Q016;Q017;Q019;Q020;Q021;Q022;Q023;Q024;Q025;peso
1;2;4;4;5;2;5;5;5;1;1;5;2;5;4;2;1;1;;3;3;2;0,2
2;1;3;3;4;1;5;13;3;1;1;3;4;5;3;5;1;1;;2;3;2;2,65
3;1;6;1;5;1;5;1;2;1;1;2;2;3;3;2;1;1;;1;4;1;0,7
4;1;6;4;2;1;5;17;6;1;1;4;4;7;3;2;2;7;1;2;4;2;1,4
5;2;3;2;3;2;6;10;7;1;3;5;5;5;2;4;1;2;1;3;2;2;0,65
6;2;3;2;5;2;6;10;6;1;1;1;4;7;3;2;1;2;2;3;3;2;0,33
7;2;4;2;6;2;5;9;5;1;1;4;4;6;3;2;1;2;1;3;3;2;0,22
8;2;3;2;2;2;6;10;3;1;1;4;4;7;1;3;1;2;2;3;3;2;0,33
9;2;3;3;3;1;5;5;5;1;2;1;3;7;2;2;1;1;;2;3;2;0,93
10;1;6;1;3;2;3;17;4;1;2;3;4;7;2;2;2;7;2;3;4;2;0,25
11;1;4;1;2;1;5;12;5;1;1;2;3;8;1;3;1;3;2;2;3;3;0,67
12;1;4;2;1;2;2;5;4;1;2;3;3;3;1;2;1;1;;3;3;1;0,23
13;2;4;3;6;2;5;6;4;1;1;2;2;6;4;2;1;2;2;3;3;2;0,24
14;2;5;1;6;1;5;9;2;1;1;4;2;6;4;2;1;2;2;2;4;2;1,36
15;2;4;1;2;2;5;4;1;1;1;3;4;7;1;2;1;1;;3;3;2;0,39
16;2;5;1;6;2;9;10;4;1;1;2;2;6;4;2;1;2;2;3;4;2;0,2
17;1;3;3;6;2;6;10;6;1;1;1;4;7;4;2;1;2;2;3;2;2;0,88
18;1;5;4;4;2;5;10;4;1;3;2;2;6;3;2;1;2;2;3;4;2;1,03
19;1;1;1;2;1;2;3;6;4;3;4;4;8;1;3;1;1;;2;1;3;2,67
20;1;4;1;4;1;6;10;1;1;1;1;1;5;3;2;1;2;2;2;3;2;1,47
21;2;4;1;3;1;2;18;2;1;1;1;1;5;3;5;2;4;2;2;3;2;1,16
22;2;6;3;6;2;6;16;2;1;3;4;4;3;4;2;2;6;;3;4;1;0,91
23;2;5;4;4;2;5;10;2;1;1;4;4;3;5;2;1;2;1;3;4;1;0,42
24;2;6;5;4;2;3;17;6;1;1;1;3;3;5;2;2;7;1;3;5;1;1,24
25;2;5;5;3;2;5;7;3;1;1;2;5;5;3;2;1;2;1;3;4;2;0,31
26;1;4;4;2;1;2;10;5;1;1;4;4;7;1;2;1;2;2;1;3;2;2,71
27;1;3;4;3;2;4;9;4;1;1;2;3;8;2;2;1;2;2;3;2;3;0,19
28;2;6;3;6;1;6;16;3;1;3;2;5;2;3;2;2;6;;2;4;1;2,72
29;2;6;3;4;1;6;17;4;1;1;4;4;7;2;4;2;7;1;1;5;2;0,71
30;2;6;1;4;1;3;16;5;1;1;1;2;3;5;2;2;6;;2;4;1;0,4
31;2;5;4;6;2;6;9;5;1;1;1;4;6;3;3;1;2;2;3;4;2;0,15
32;2;6;3;3;1;6;17;2;1;2;5;5;4;5;3;2;7;2;2;4;1;1,57
33;1;2;4;4;2;5;10;5;1;2;4;4;3;3;3;1;2;2;3;2;1;0,24
34;2;5;2;3;1;5;17;4;1;1;3;3;7;2;2;2;7;1;2;4;2;0,41
35;2;4;3;6;2;2;1;2;1;2;4;4;8;4;2;1;1;;3;3;3;0,24
36;2;3;1;6;1;5;10;5;1;1;1;1;3;4;3;1;2;1;2;3;1;0,61
37;1;4;4;2;2;5;12;3;1;1;1;3;5;5;3;1;3;2;3;3;2;0,9
38;1;4;2;1;1;6;12;7;1;2;4;4;7;1;3;1;3;2;2;3;2;2,67
39;2;6;4;3;1;5;16;4;1;2;5;4;3;3;2;2;6;;1;4;1;2,01
40;1;3;3;3;1;2;9;1;1;1;2;3;4;5;3;1;2;2;2;3;1;1,34
41;1;3;4;6;2;2;9;6;1;1;4;4;6;4;2;1;2;1;3;3;2;0,74
42;2;5;1;3;1;3;18;4;1;1;2;2;6;3;2;2;4;2;1;3;2;0,61
43;1;6;4;5;2;5;17;5;1;1;1;1;7;4;2;2;7;1;3;4;2;0,16
44;1;2;5;6;2;1;10;5;1;1;1;3;8;4;2;1;2;2;3;2;3;0,3
45;1;5;1;1;1;5;17;4;1;1;1;1;6;1;2;2;7;2;2;4;2;0,97
46;2;6;1;4;1;6;17;3;1;1;3;3;6;5;2;2;7;2;2;4;2;2,39
47;1;5;2;5;2;5;11;3;1;3;2;2;10;4;3;1;2;1;3;4;;0,25
48;2;6;4;4;1;5;17;4;1;1;3;2;3;3;2;2;7;1;2;4;1;2,01
49;1;3;4;6;1;2;5;4;1;1;2;2;8;4;4;1;1;;2;2;3;0,38
50;1;3;2;2;2;5;1;2;1;2;4;4;10;1;3;1;1;;3;3;;0,2
51;2;3;3;4;2;9;11;3;1;2;3;4;3;5;2;1;2;1;3;2;1;1,18
52;1;3;3;4;2;6;10;6;1;1;2;2;6;2;2;1;2;2;3;2;2;0,23
53;2;4;1;4;1;2;10;4;1;2;2;3;7;5;2;1;2;2;2;3;2;0,52
54;2;4;1;2;2;5;6;5;1;1;1;2;7;1;2;1;2;1;3;3;2;0,17
55;1;6;1;4;1;6;17;5;1;1;1;1;3;5;2;2;7;2;2;4;1;0,47
56;1;3;5;4;2;6;10;1;1;1;2;1;8;3;2;1;2;2;3;2;3;1,06
57;1;4;4;5;1;5;10;4;1;1;3;4;6;3;4;1;2;1;2;3;2;0,71
58;1;3;4;3;1;5;11;6;1;1;1;1;3;3;4;1;2;1;2;3;1;2,21
59;1;3;2;4;2;6;10;4;1;1;1;1;7;5;3;1;2;2;3;2;2;0,21
60;1;5;1;6;1;6;10;2;1;2;4;4;6;4;2;1;2;1;2;3;2;1,29
61;1;4;3;6;2;5;5;6;1;3;2;3;8;4;2;1;1;;3;3;3;0,26
62;1;5;4;2;1;3;18;5;1;1;1;1;8;5;4;2;4;2;2;4;3;0,77
63;1;4;1;4;1;6;4;2;1;1;2;4;6;3;3;1;1;;2;3;2;1,47
64;1;4;4;5;1;5;10;5;1;1;1;3;6;4;3;1;2;2;2;3;2;0,71
65;1;4;4;6;1;5;5;6;1;1;3;1;6;4;3;1;1;;2;3;2;0,67
66;1;6;4;1;2;5;17;4;1;1;2;3;3;1;2;2;7;1;3;5;1;0,24
67;2;6;1;6;1;5;16;5;1;3;5;5;7;3;4;2;6;;1;5;2;0,59
68;1;5;2;1;2;7;10;4;1;2;4;4;3;1;3;1;2;1;3;4;1;0,24
69;2;6;3;6;1;5;10;7;1;1;5;2;5;4;3;1;2;1;2;4;2;2,72
70;2;5;1;2;2;5;5;6;1;3;2;3;4;1;1;1;1;;3;4;1;0,78
71;1;6;5;3;1;6;2;2;1;1;4;4;5;3;2;1;1;;2;4;2;1,4
72;1;3;2;2;1;5;10;2;1;2;4;4;7;1;2;1;2;2;2;2;2;1,22
73;1;4;2;5;2;6;7;5;1;1;1;1;7;4;2;1;2;1;3;3;2;0,23
74;2;6;1;4;2;6;17;6;1;2;4;4;7;5;3;2;7;1;3;4;2;0,46
75;1;5;3;3;2;5;6;5;1;1;1;1;7;2;3;1;2;1;3;4;2;0,18
76;2;4;1;1;1;5;16;3;1;1;3;3;3;1;3;2;6;;2;3;1;2
77;2;6;3;6;2;5;17;4;1;2;4;4;7;4;3;2;7;2;3;4;2;0,24
78;2;5;1;6;1;5;10;4;1;1;4;4;6;3;3;1;2;2;2;3;2;0,61
79;1;6;5;4;1;5;17;5;1;1;5;4;7;3;2;2;7;2;2;4;2;0,42
80;1;5;1;6;2;6;9;4;1;2;3;3;6;4;2;1;2;2;3;4;2;0,32
81;2;3;3;4;2;6;5;6;1;1;1;2;8;3;2;1;1;;3;3;3;1,18
82;1;6;3;6;1;5;17;5;1;1;2;2;8;3;2;2;7;2;2;4;3;0,71
83;1;6;4;5;1;5;17;4;1;1;1;3;6;3;3;2;7;2;2;4;2;0,68
84;2;5;1;6;1;3;1;2;1;2;3;3;6;3;2;1;1;;2;4;2;1,36
85;1;6;2;6;2;6;17;4;1;3;1;3;6;4;3;2;7;1;3;5;2;0,27
86;1;3;4;4;2;4;5;6;1;1;1;2;5;5;3;1;1;;3;2;2;0,19
87;1;3;3;6;1;5;12;4;1;1;5;2;6;3;3;1;3;2;2;3;2;0,66
88;1;6;1;4;1;5;17;5;1;1;2;3;3;5;2;2;7;1;2;4;1;0,74
89;1;3;3;6;2;5;10;2;1;3;2;3;5;3;3;1;2;1;3;3;2;0,88
90;1;5;2;2;1;5;18;7;1;1;1;3;7;1;4;2;4;2;1;4;2;1,68
91;1;6;5;1;1;6;17;4;1;1;4;4;3;1;3;2;7;2;2;5;1;0,63
92;1;5;4;4;2;5;7;1;1;1;1;1;5;3;4;1;2;1;3;4;2;0,26
93;1;6;2;4;1;3;17;5;1;1;1;1;8;3;4;2;7;2;2;4;3;0,54
94;1;5;4;6;1;6;10;4;1;1;2;3;5;4;3;1;2;1;2;4;2;0,81
95;1;5;1;4;1;7;4;2;1;1;2;3;6;3;4;1;1;;2;4;2;2,14
96;2;5;2;3;1;6;10;7;1;3;4;4;8;2;3;1;2;2;1;3;3;0,62
97;1;6;1;3;1;5;2;3;1;3;4;4;6;5;3;1;1;;2;4;2;0,7
98;1;5;1;4;2;3;17;5;1;3;1;2;8;3;2;2;7;2;3;4;3;0,32
99;1;4;3;6;2;5;10;4;1;3;2;1;3;3;2;1;2;2;3;3;1;0,25
100;1;6;4;1;1;5;3;4;1;1;1;2;10;5;4;1;1;;2;4;;0,72
101;1;6;5;5;1;10;17;4;1;1;1;3;6;3;2;2;7;2;2;4;2;0,63
102;2;4;1;4;1;5;9;2;1;1;4;4;3;3;2;1;2;2;2;3;1;1,16
103;1;5;3;4;1;5;11;5;1;1;1;2;8;5;3;1;2;2;2;3;3;2,06
104;1;6;3;4;1;6;17;4;1;1;1;1;7;5;2;2;7;2;1;4;2;2,72
105;1;6;1;2;2;5;6;5;1;1;2;3;7;1;3;1;2;1;3;1;2;0,16
106;2;4;3;2;1;5;5;4;1;3;5;5;10;5;5;1;1;;2;3;;2,8
107;1;3;4;2;1;4;18;1;1;1;1;4;8;3;3;2;4;2;2;3;3;2,21
108;1;2;4;4;2;5;10;3;1;1;2;3;5;3;2;1;2;2;3;2;2;0,23
109;2;4;3;6;1;5;12;5;1;1;1;3;7;4;2;1;3;2;2;3;2;0,57
110;2;2;4;4;2;8;18;2;1;1;3;3;5;3;5;2;4;1;3;2;2;0,35
111;1;2;2;3;1;5;10;2;1;2;3;3;6;2;2;1;2;2;2;2;2;1,27
112;1;2;3;4;2;1;5;4;1;3;4;4;8;5;2;1;1;;3;2;3;0,3
113;2;2;4;4;2;4;21;5;1;1;2;3;7;3;2;;;;3;2;2;0,11
114;2;5;3;4;1;6;10;7;1;1;1;4;3;5;3;1;2;2;2;4;1;0,37
115;1;4;5;5;1;5;9;2;1;2;4;4;5;4;3;1;2;1;2;3;2;0,63
116;2;5;1;1;1;5;20;7;1;1;2;1;5;1;3;2;4;;2;4;2;2,34
117;1;3;4;3;1;5;10;4;1;1;1;5;3;2;4;1;2;1;2;3;1;0,55
118;2;4;2;4;2;2;10;3;1;3;2;3;3;3;3;1;2;2;3;3;1;0,22
119;2;4;1;6;2;5;10;5;1;1;1;3;6;3;2;1;2;1;3;3;2;0,17
120;2;4;3;5;1;5;16;2;1;1;1;2;7;3;2;2;6;;2;3;2;2,8
121;1;6;4;2;1;6;17;5;1;1;1;2;3;1;2;2;7;2;2;4;1;2,76
122;1;3;1;6;1;2;1;2;1;1;2;2;4;3;3;1;1;;2;2;1;1,86
123;2;6;2;5;1;3;17;5;1;3;2;3;7;3;4;2;7;2;2;5;2;0,76
124;1;5;2;5;2;5;9;4;1;2;3;4;8;3;2;1;2;2;3;3;3;0,16
125;2;6;1;1;2;6;20;4;1;2;4;4;7;1;3;2;4;;3;4;2;0,21
126;2;6;3;5;1;5;10;4;1;1;2;4;7;4;3;1;2;2;2;4;2;0,67
127;1;4;4;1;1;9;20;6;1;1;4;4;7;1;2;2;4;;2;3;2;1,57
128;2;4;4;1;2;5;7;2;1;1;4;4;7;5;4;1;2;1;3;3;2;0,39
129;2;5;5;6;1;6;7;5;1;1;1;1;6;4;3;1;2;1;2;4;2;0,66
130;2;4;1;5;2;2;9;4;1;2;4;4;3;3;2;1;2;2;3;3;1;0,17
131;2;3;3;6;1;2;10;4;1;2;4;4;7;4;2;1;2;2;2;2;2;0,59
132;2;4;5;3;1;5;16;7;1;1;2;3;8;2;4;2;6;;2;3;3;1,66
133;2;6;2;5;2;3;10;2;1;1;2;2;6;4;3;1;2;2;3;4;2;0,56
134;2;5;3;3;1;6;7;2;1;1;2;2;5;3;2;1;2;2;2;4;2;0,91
135;2;4;5;4;1;5;12;6;1;1;5;2;10;3;3;1;3;2;2;3;;1,66
136;1;6;1;4;1;5;5;2;1;1;4;4;6;2;2;1;1;;2;4;2;1,65
137;2;6;4;6;1;3;17;7;1;1;1;5;3;3;4;2;7;1;1;4;1;0,53
138;2;4;5;3;1;5;16;4;1;1;1;2;6;5;3;2;6;;2;3;2;0,43
139;2;6;5;3;1;6;17;6;1;1;4;5;9;2;3;2;7;1;2;4;4;0,92
140;1;2;1;6;2;1;10;4;1;2;2;3;6;4;2;1;2;2;3;2;2;0,2
141;2;6;3;4;1;6;17;6;1;2;3;4;7;2;2;2;7;2;2;4;2;0,71
142;2;4;1;5;2;5;5;4;1;3;5;5;7;4;3;1;1;;3;3;2;0,17
143;1;6;4;4;1;6;17;6;1;1;5;4;3;3;3;2;7;1;2;5;1;2,76
144;2;4;3;5;2;5;10;1;1;1;4;4;5;3;3;1;2;2;3;3;2;0,23
145;1;3;4;6;2;5;10;5;1;1;1;2;8;4;2;1;2;2;3;2;3;0,74
146;2;6;3;3;2;6;17;5;1;1;1;1;8;2;2;2;7;1;3;4;3;0,37
147;1;2;3;6;1;6;10;5;1;1;1;2;7;3;2;1;2;2;2;2;2;0,6
148;1;2;4;3;2;1;10;7;1;3;4;2;5;2;2;1;2;2;3;2;2;0,15
149;1;3;2;3;2;6;5;6;1;2;4;4;7;2;3;1;1;;3;2;2;0,47
150;2;6;3;4;1;3;17;7;1;3;5;5;10;2;5;2;7;2;1;5;;2,72
151;2;5;1;1;1;6;10;6;1;1;2;3;5;1;2;1;2;1;1;4;2;1,36
152;2;6;3;4;1;6;17;5;1;1;1;1;6;3;3;2;7;1;2;5;2;0,67
153;2;6;2;1;1;3;16;2;1;2;5;4;6;1;5;2;6;;1;4;2;1,47
154;2;6;2;3;1;6;16;4;1;3;5;3;3;2;3;2;6;;2;4;1;0,76
155;2;6;5;4;1;6;17;5;1;1;1;1;6;3;3;2;7;1;2;5;2;0,92
156;2;3;4;4;2;5;10;7;1;1;2;2;4;3;2;1;2;2;3;2;1;0,65
157;1;5;5;4;1;5;17;1;1;1;2;4;3;3;4;2;7;1;2;4;1;1,28
158;1;5;5;2;1;5;3;4;1;2;2;2;6;5;3;1;1;;1;4;2;0,91
159;2;4;1;1;1;2;10;6;1;1;4;2;6;3;4;1;2;2;1;3;2;2
160;1;4;4;4;1;5;10;4;1;2;2;2;6;3;3;1;2;2;2;3;2;0,67
161;2;4;4;4;2;5;10;7;1;1;2;3;3;2;3;1;2;1;3;3;1;0,77
162;1;6;3;6;1;6;5;7;1;1;2;2;5;4;3;1;1;;2;4;2;2,72
163;1;4;3;6;2;5;5;2;1;2;4;4;3;3;2;1;1;;3;3;1;0,35
164;1;5;2;1;1;6;10;4;1;2;2;2;6;1;2;1;2;2;2;3;2;0,48
165;1;3;1;6;2;2;10;2;1;1;4;4;8;4;2;1;2;2;3;2;3;0,71
166;1;5;1;5;2;5;5;2;1;2;3;3;6;4;2;1;1;;3;4;2;0,71
167;2;6;2;5;1;3;17;4;1;1;3;4;7;4;2;2;7;2;1;5;2;0,76
168;2;6;4;4;1;3;17;7;1;1;4;4;3;3;3;2;7;2;1;4;1;2,01
169;2;3;3;3;1;6;10;6;1;1;4;4;5;3;2;1;2;2;2;3;2;0,88
170;2;3;2;5;1;5;10;2;1;3;1;4;7;3;2;1;2;2;2;3;2;1,14
171;2;5;3;6;1;6;16;4;1;3;5;5;5;4;2;2;6;;2;4;2;1,8
172;1;2;3;6;1;5;11;5;1;2;3;2;6;3;4;1;2;1;1;2;2;2,01
173;1;4;1;4;2;4;10;5;1;1;1;2;7;3;4;1;2;2;3;3;2;0,15
174;2;5;1;4;1;4;10;3;1;1;2;5;5;2;2;1;2;1;2;4;2;1,36
175;2;3;2;4;2;6;11;4;1;2;3;3;8;3;2;1;2;2;3;3;3;0,17
176;2;3;2;5;1;5;9;2;1;1;2;2;5;4;2;1;2;2;2;2;2;1,96
177;1;3;1;1;1;2;10;7;1;2;2;4;6;5;3;1;2;2;2;2;2;3,68
178;2;4;2;5;1;5;10;2;1;1;3;3;5;4;4;1;2;1;2;3;2;1,47
179;2;5;1;6;1;6;16;5;1;2;3;4;8;3;2;2;6;;2;4;3;2,34
180;1;4;2;3;2;6;9;6;1;3;2;4;7;2;3;1;2;2;3;3;2;0,89
181;2;6;4;5;2;6;1;7;1;3;3;3;6;4;2;1;1;;3;4;2;0,67
182;1;4;4;6;1;6;10;7;1;3;5;5;10;4;3;1;2;2;2;3;;2,71
183;1;4;2;5;2;5;16;2;1;1;4;4;6;4;3;2;6;;3;3;2;0,52
184;1;5;2;3;1;6;11;6;1;2;4;4;6;5;2;1;2;1;2;4;2;1,68
185;1;5;1;3;1;5;10;4;1;3;2;2;6;2;3;1;2;2;2;4;2;0,97
186;2;6;1;4;1;6;17;1;1;1;2;2;2;3;3;2;7;1;2;4;1;0,59
187;2;2;2;1;1;5;10;2;1;2;5;3;6;1;2;1;2;2;2;2;2;1,13
188;2;4;4;4;1;5;10;4;1;3;2;3;4;3;3;1;2;2;2;3;1;0,61
189;2;3;1;3;2;2;11;6;1;1;4;4;10;2;3;1;2;2;3;2;;0,77
190;2;4;3;6;2;5;20;7;1;1;2;3;4;3;5;2;4;;3;3;1;0,93
191;2;5;2;1;1;6;13;2;1;2;3;3;3;1;3;1;1;;2;4;1;0,87
192;1;4;4;4;1;5;12;7;1;1;2;3;5;3;4;1;3;2;1;3;2;0,67
193;2;3;1;6;2;6;5;3;1;3;5;5;10;3;3;1;1;;3;3;;0,2
194;2;6;1;4;1;6;8;4;1;1;4;4;3;3;3;1;2;1;2;4;1;2,39
195;2;3;5;4;1;4;11;6;1;1;2;4;7;3;4;1;2;2;2;3;2;0,82
196;2;6;2;6;1;6;17;2;1;3;5;4;6;4;2;2;7;1;2;4;2;1,68
197;2;6;2;1;1;7;16;3;1;1;4;4;3;1;3;2;6;;1;4;1;0,48
198;1;5;1;6;1;5;17;5;1;1;4;4;5;4;3;2;7;1;2;4;2;0,97
199;2;6;2;5;1;6;17;2;1;2;2;2;3;3;3;2;7;1;1;5;1;0,48
200;1;6;5;4;2;7;17;4;1;1;2;2;7;5;2;2;7;1;3;4;2;0,21
201;2;6;1;1;1;6;16;6;1;1;2;3;6;1;2;2;6;;1;4;2;1,39
202;2;6;4;6;1;5;10;6;1;1;1;2;7;3;3;1;2;2;2;4;2;1,17
203;1;6;1;6;2;5;17;4;1;1;2;2;8;4;3;2;7;2;3;4;3;0,25
204;2;6;5;6;1;6;16;4;1;1;2;5;9;4;3;2;6;;1;5;4;0,97
205;2;6;1;6;1;5;17;5;1;1;1;3;6;4;3;2;7;2;2;4;2;0,49
206;1;4;1;1;1;5;10;7;1;1;1;1;6;1;4;1;2;2;2;3;2;0,63
207;2;5;1;2;1;7;17;4;1;1;2;3;7;3;3;2;7;1;1;4;2;0,61
208;1;4;1;3;2;5;7;6;1;1;2;3;7;3;1;1;2;1;3;3;2;0,21
209;1;6;5;5;2;6;17;1;1;1;4;4;3;4;3;2;7;2;3;4;1;0,28
210;1;5;4;1;1;5;2;2;1;1;4;4;3;3;3;1;1;;2;4;1;0,77
211;1;4;3;3;1;2;10;5;1;1;2;4;7;3;2;1;2;2;2;3;2;0,75
212;1;4;3;3;1;4;11;3;1;1;4;4;8;2;4;1;2;1;2;3;3;0,5
213;1;4;5;3;2;5;9;2;1;1;2;3;6;3;3;1;2;1;3;3;2;0,6
214;1;6;1;4;1;6;17;4;1;2;3;4;5;3;2;2;7;2;2;4;2;0,74
215;1;5;5;1;1;7;10;5;1;1;2;2;10;1;3;1;2;1;2;3;;0,96
216;2;6;4;6;2;6;17;4;1;1;5;4;10;4;2;2;7;1;3;4;;0,18
217;2;6;2;4;1;6;17;4;1;1;1;1;6;3;4;2;7;2;2;4;2;0,76
218;2;6;4;4;1;5;16;6;1;1;1;2;1;2;2;2;6;;1;5;1;0,5
219;1;4;1;1;1;6;18;1;1;1;3;4;3;1;4;2;4;2;2;3;1;2,54
220;1;6;2;5;1;5;17;3;1;1;1;3;4;3;4;2;7;1;1;4;1;0,77
221;1;4;4;4;2;5;10;6;1;1;3;4;10;3;4;1;2;1;3;3;;0,22
222;2;6;1;6;1;5;16;2;1;2;3;4;1;3;3;2;6;;2;5;1;1,39
223;2;6;4;4;2;5;5;5;1;3;2;2;8;5;2;1;1;;3;4;3;0,18
224;1;3;3;4;2;2;4;6;1;2;4;4;7;5;4;1;1;;3;2;2;0,22
225;2;4;4;6;2;5;9;7;1;3;4;4;5;4;2;1;2;1;3;3;2;0,77
226;1;5;2;3;2;5;4;1;1;2;4;4;8;2;3;1;1;;3;4;3;0,56
227;1;6;3;6;2;6;17;3;1;1;4;4;6;4;2;2;7;2;3;5;2;0,22
228;1;5;2;3;1;5;17;4;1;1;1;3;6;3;2;2;7;1;1;4;2;0,76
229;1;4;2;2;1;6;10;4;1;2;4;4;3;3;2;1;2;2;2;3;1;0,7
230;2;6;1;1;2;6;17;5;1;1;2;3;3;1;2;2;7;1;3;4;1;0,21
231;1;4;2;2;1;4;10;5;1;3;4;4;7;1;4;1;2;2;2;3;2;0,7
232;2;6;4;4;2;7;17;4;1;1;2;3;3;3;4;2;7;2;3;4;1;0,18
233;1;6;1;6;2;6;17;5;1;1;2;4;8;4;3;2;7;1;3;4;3;0,25
234;1;5;5;3;2;5;7;1;1;1;2;4;5;5;2;1;2;1;3;4;2;0,43
235;1;6;2;3;1;5;17;4;1;1;2;2;6;2;2;2;7;2;2;4;2;0,82
236;1;4;5;6;2;5;10;2;1;1;4;4;6;4;2;1;2;1;3;3;2;0,6
237;2;6;1;4;1;5;17;5;1;1;1;4;3;3;3;2;7;1;2;4;1;0,63
238;2;6;2;1;1;5;17;2;1;3;2;5;2;3;3;2;7;1;2;4;1;1,47
239;1;6;1;1;1;3;17;2;1;1;4;4;8;3;3;2;7;2;2;4;3;1,65
240;1;6;4;6;1;5;17;4;1;1;1;3;3;3;3;2;7;2;2;4;1;0,72
241;2;3;3;2;2;4;14;5;1;1;2;2;9;1;3;2;5;;3;2;4;0,31
242;1;6;5;5;2;5;17;4;1;1;1;1;2;4;4;2;7;1;3;4;1;0,21
243;1;3;1;4;2;2;11;4;1;3;3;4;6;5;2;1;2;1;3;2;2;0,32
244;2;3;4;2;1;5;16;7;1;2;3;3;6;1;3;2;6;;2;3;2;0,68
245;1;5;3;3;2;5;3;4;1;1;2;2;6;3;3;1;1;;3;3;2;0,11
246;1;6;1;3;1;5;17;5;1;1;3;3;8;2;3;2;7;2;2;4;3;0,7
247;1;3;2;3;1;6;13;2;1;2;2;3;3;2;3;1;1;;2;3;1;2,42
248;1;6;1;6;1;5;4;4;1;1;2;3;7;4;2;1;1;;2;5;2;0,74
249;1;4;4;2;2;7;10;5;1;1;1;3;8;1;3;1;2;1;3;3;3;0,24
250;1;6;3;6;1;6;17;3;1;2;4;4;3;4;4;2;7;2;2;5;1;2,72
251;1;3;1;6;2;2;1;4;1;2;1;1;8;4;3;1;1;;3;3;3;0,32
252;1;6;4;6;1;6;17;5;1;1;2;2;7;4;2;2;7;2;2;4;2;0,72
253;1;6;3;6;1;5;17;1;1;2;4;4;3;4;3;2;7;2;2;4;1;1,58
254;1;6;5;2;1;5;17;4;1;1;1;3;3;5;3;2;7;2;2;4;1;0,63
255;1;5;2;2;1;5;10;4;1;1;5;5;3;1;2;1;2;2;2;3;1;1,01
256;1;6;4;4;2;5;17;6;1;1;2;3;7;3;2;2;7;1;3;4;2;0,23
257;2;4;1;6;1;2;3;5;1;1;1;3;10;4;3;1;1;;2;3;;2
258;2;2;4;5;2;4;11;4;1;1;3;3;4;3;2;1;2;1;3;2;1;0,16
259;1;3;2;2;1;5;6;5;1;1;2;4;6;3;2;1;2;1;2;3;2;0,6
260;2;6;3;5;2;7;17;2;1;2;3;4;5;4;3;2;7;1;3;4;2;0,46
261;2;6;1;4;1;6;17;6;1;3;5;5;3;3;3;2;7;2;1;4;1;2,39
262;2;6;3;2;1;6;10;1;1;2;3;3;7;1;2;1;2;2;2;4;2;1,57
263;1;3;3;3;1;5;4;1;1;1;2;2;8;2;3;1;1;;2;3;3;1,54
264;2;4;3;5;2;2;10;5;1;2;2;4;8;4;3;1;2;2;3;3;3;0,24
265;2;3;1;1;1;5;18;6;1;1;5;5;3;1;5;2;4;2;2;2;1;1,35
266;1;4;1;6;2;8;9;6;1;3;5;4;4;4;2;1;2;2;3;3;1;0,85
267;2;4;4;1;1;4;10;6;1;1;3;3;4;5;3;1;2;2;2;3;1;2,32
268;1;6;3;4;1;6;17;1;1;1;2;3;7;2;3;2;7;1;1;4;2;0,67
269;2;3;1;6;1;5;10;6;1;1;1;4;3;3;3;1;2;2;2;3;1;0,58
270;2;6;3;6;1;5;16;4;1;1;2;5;6;4;2;2;6;;1;4;2;0,71
271;2;6;5;6;2;6;17;4;1;3;2;3;6;4;2;2;7;1;3;4;2;0,32
272;2;4;5;1;1;5;8;4;1;1;4;4;3;1;2;1;2;1;2;3;1;0,43
273;1;5;4;6;1;5;1;4;1;1;2;2;7;4;2;1;1;;2;4;2;0,81
274;1;3;2;5;1;2;10;4;1;2;5;5;6;3;2;1;2;2;2;3;2;0,42
275;1;6;2;3;2;6;17;6;1;2;5;3;7;3;2;2;7;2;3;4;2;1,04
276;1;5;2;2;1;3;12;6;1;1;1;3;4;1;5;1;3;2;1;4;1;2,9
277;2;4;2;5;2;6;9;2;1;3;1;5;8;4;2;1;2;2;3;3;3;0,49
278;1;4;2;2;1;5;12;1;1;1;2;2;3;5;2;1;3;2;1;3;1;1,55
279;1;5;2;2;1;6;5;4;1;3;4;3;6;1;3;1;1;;2;4;2;0,76
280;1;5;1;2;2;5;9;4;3;1;1;2;8;1;1;1;2;2;3;4;3;0,3
281;2;5;1;6;1;6;10;5;1;1;1;1;8;4;2;1;2;2;1;4;3;0,39
282;2;6;4;3;2;3;17;5;1;3;2;2;8;2;3;2;7;2;3;4;3;0,12
283;1;4;3;4;2;5;10;4;1;2;3;4;7;5;3;1;2;2;3;3;2;0,26
284;1;6;3;5;1;6;17;5;1;2;1;3;7;3;2;2;7;2;2;4;2;0,71
285;2;5;2;3;1;9;10;5;1;1;1;1;7;2;3;1;2;2;2;4;2;0,66
286;1;5;3;6;2;5;6;5;1;1;2;3;8;4;2;1;2;1;3;4;3;0,18
287;1;5;3;6;2;3;10;5;1;1;1;2;8;4;4;1;2;2;3;4;3;0,12
288;1;6;3;3;1;6;17;5;1;1;1;2;7;3;4;2;7;1;1;5;2;0,71
289;1;6;5;4;2;5;18;5;1;1;1;1;8;3;4;2;4;2;3;4;3;0,81
290;1;6;5;6;2;3;17;4;1;1;1;3;6;4;3;2;7;1;3;4;2;0,21
291;2;6;3;6;2;3;17;5;1;1;1;1;8;4;3;2;7;2;3;4;3;0,16
292;2;5;3;5;1;3;10;1;1;1;1;4;10;4;4;1;2;1;2;4;;1,8
293;2;6;2;5;2;3;16;4;1;2;2;3;3;4;2;2;6;;3;4;1;0,25
294;2;3;3;6;2;6;8;5;1;1;1;4;7;3;2;1;2;1;3;2;2;0,21
295;2;4;3;6;1;5;10;2;1;2;2;3;5;4;3;1;2;2;2;3;2;1,41
296;2;4;1;6;1;6;10;3;1;1;1;4;6;4;3;1;2;2;2;3;2;0,5
297;2;3;3;2;1;6;10;7;1;1;2;2;6;1;2;1;2;2;2;3;2;2,06
298;1;3;1;4;2;5;1;1;1;1;4;4;7;5;2;1;1;;3;3;2;0,71
299;2;3;4;4;2;5;10;5;1;1;2;2;3;3;3;1;2;2;3;5;1;0,16
300;2;5;2;5;1;6;10;5;1;3;2;2;8;4;2;1;2;2;2;3;3;0,66
301;2;3;2;5;1;5;10;2;1;1;2;2;4;4;3;1;2;2;2;2;1;0,49
302;1;2;1;4;2;1;10;4;1;1;1;4;3;3;2;1;2;2;3;2;1;0,22
303;1;6;2;4;2;6;5;4;1;1;1;2;8;5;1;1;1;;3;4;3;0,27
304;2;4;2;5;2;6;7;6;1;2;3;4;3;4;2;1;2;2;3;3;1;0,85
305;2;5;2;5;1;5;10;2;1;1;1;4;6;4;2;1;2;1;2;3;2;2,51
306;2;2;3;2;1;6;9;2;1;1;2;5;4;3;2;1;2;2;2;2;1;0,55
307;1;6;3;4;1;6;17;5;1;1;2;2;7;2;2;2;7;1;1;4;2;0,45
308;1;6;2;5;1;6;17;5;1;1;1;2;3;4;3;2;7;2;2;5;1;0,77
309;2;6;1;6;1;3;17;4;1;3;1;1;6;4;5;2;7;2;1;4;2;0,63
310;2;6;1;3;1;6;17;4;1;1;5;3;3;3;2;2;7;1;2;4;1;0,63
311;2;4;2;4;1;2;10;4;1;3;5;5;10;3;3;1;2;2;1;3;;2,54
312;1;5;3;5;1;5;18;7;1;3;5;5;5;3;5;2;4;2;1;4;2;2,06
313;1;5;5;5;1;5;10;4;3;1;1;4;4;4;4;1;2;2;2;4;1;0,96
314;2;5;3;3;1;6;16;4;1;1;2;3;7;2;4;2;6;;2;4;2;0,45
315;2;6;1;1;1;7;17;2;1;3;4;4;7;3;4;2;7;2;1;4;2;0,83
316;2;5;2;4;1;3;10;7;1;3;3;3;4;3;3;1;2;2;1;3;1;2,51
317;1;3;4;4;1;6;12;1;1;2;3;4;3;3;4;1;3;2;2;3;1;1,28
318;2;6;2;6;2;7;17;5;1;1;1;1;8;3;2;2;7;1;3;4;3;0,25
319;2;4;3;4;2;6;10;6;1;1;1;2;7;2;2;1;2;2;3;3;2;0,23
320;1;6;3;6;1;5;17;3;1;1;2;2;3;4;3;2;7;2;2;5;1;0,71
321;1;4;3;2;1;5;12;7;1;1;5;5;10;1;3;1;3;2;1;3;;3,03
322;2;6;3;5;1;6;17;6;1;3;3;3;10;4;2;2;7;2;2;4;;0,67
323;2;4;4;3;1;7;18;6;1;1;2;4;5;3;4;2;4;2;2;3;2;2,32
324;1;3;1;2;2;2;10;4;1;2;2;3;5;1;2;1;2;1;3;3;2;0,32
325;2;6;4;4;2;5;17;4;1;1;3;2;3;3;2;2;7;1;3;4;1;0,39
326;1;4;5;4;1;5;10;2;1;1;5;5;6;5;2;1;2;2;2;3;2;3,09
327;1;3;1;5;1;2;10;1;1;1;4;4;7;4;2;1;2;2;2;3;2;1,28
328;2;4;1;2;1;5;5;1;1;1;2;3;8;1;4;1;1;;1;3;3;1,16
329;2;6;3;3;1;6;17;2;1;1;2;2;3;3;3;2;7;2;1;5;1;1,37
330;2;5;3;4;2;5;5;3;1;1;2;4;1;3;3;1;1;;3;3;1;0,15
331;2;2;2;6;1;4;20;6;1;3;5;4;7;4;2;2;4;;2;2;2;1,13
332;2;6;5;3;1;5;16;6;1;1;1;5;7;5;3;2;6;;1;5;2;3,72
333;1;4;5;3;1;2;11;4;1;1;2;3;7;2;2;1;2;2;2;3;2;0,81
334;1;6;5;2;2;9;17;5;1;1;2;3;3;1;2;2;7;1;3;4;1;0,21
335;2;4;2;4;2;6;10;5;1;3;3;3;8;2;2;1;2;1;3;3;3;0,22
336;2;5;1;3;1;6;10;3;1;2;1;3;7;3;2;1;2;2;2;3;2;0,58
337;1;5;4;3;2;5;7;6;1;1;1;4;7;5;2;1;2;1;3;4;2;0,26
338;2;4;2;3;2;5;10;2;1;1;2;2;3;3;3;1;2;2;3;3;1;0,49
339;2;3;5;3;2;4;6;6;1;2;1;1;6;3;3;1;2;2;3;2;2;0,27
340;1;2;5;6;1;5;10;4;1;1;2;3;8;3;3;1;2;2;2;2;3;0,54
341;2;5;1;6;1;6;18;3;1;1;4;4;7;4;2;2;4;2;2;4;2;1,36
342;2;4;1;4;1;5;10;5;1;3;5;3;7;2;3;1;2;2;1;3;2;0,52
343;2;6;4;5;1;6;16;1;1;1;3;3;7;4;3;2;6;;1;4;2;2,01
344;1;3;1;3;2;5;10;3;1;2;2;2;3;3;2;1;2;2;3;2;1;0,71
345;2;4;2;3;1;5;10;7;1;2;1;2;7;2;3;1;2;2;2;3;2;2,54
346;1;3;4;6;2;6;9;5;1;1;3;4;8;4;2;1;2;2;3;2;3;0,3
347;2;3;1;3;1;5;18;6;1;1;2;4;6;3;2;2;4;1;2;3;2;2,33
348;2;2;3;2;2;6;1;2;1;1;3;3;9;1;2;1;1;;3;2;4;0,31
349;2;4;4;1;1;6;16;6;1;1;2;4;2;1;4;2;6;;2;3;1;2,32
350;2;3;4;3;1;5;16;5;1;1;1;1;3;3;2;2;6;;2;2;1;0,51
351;1;2;3;6;1;9;4;5;1;1;1;2;8;4;2;1;1;;2;2;3;0,91
352;2;4;4;1;2;5;5;2;1;1;1;3;6;5;4;1;1;;3;3;2;0,19
353;1;2;3;5;1;5;10;4;1;2;1;4;5;3;1;1;2;2;2;2;2;0,6
354;1;4;1;3;2;5;5;2;1;1;2;3;3;5;2;1;1;;3;3;1;0,49
355;2;6;4;6;1;3;17;2;1;1;1;3;5;3;4;2;7;2;1;5;2;2,01
356;2;6;3;4;1;6;17;3;1;1;2;3;5;3;2;2;7;2;2;4;2;2,72
357;2;5;1;6;1;5;10;4;1;1;1;3;7;4;3;1;2;1;1;4;2;0,61
358;2;5;3;4;1;7;16;6;1;1;2;2;7;3;4;2;6;;1;4;2;1,04
359;2;5;2;5;2;6;10;5;1;2;4;4;8;4;2;1;2;2;3;4;3;0,84
360;1;5;3;3;1;5;11;5;1;1;1;1;7;2;3;1;2;1;1;4;2;0,51
361;2;5;4;4;2;9;8;4;1;2;1;3;1;2;3;1;2;2;3;4;1;0,72
362;1;4;3;5;1;5;4;2;1;2;4;4;7;4;2;1;1;;2;3;2;1,76
363;1;2;2;5;1;1;10;6;1;1;1;4;8;4;2;1;2;2;2;2;3;2,19
364;1;4;2;6;2;5;9;5;1;1;3;3;7;4;2;1;2;1;3;3;2;0,15
365;1;5;5;3;2;3;5;2;1;1;4;4;5;3;3;1;1;;3;4;2;0,3
366;1;6;2;2;1;3;17;4;1;2;4;4;3;3;2;2;7;2;2;5;1;0,82
367;1;4;3;6;2;5;10;4;1;1;2;3;7;4;5;1;2;1;3;3;2;1,01
368;1;6;1;2;2;6;17;4;1;2;4;4;8;1;2;2;7;2;3;4;3;0,19
369;1;5;1;1;2;3;5;4;1;1;1;2;4;1;2;1;1;;3;4;1;0,32
370;1;5;3;4;2;5;9;6;1;1;1;1;8;5;3;1;2;1;3;4;3;0,18
371;1;6;1;6;1;6;17;4;1;1;2;2;8;4;2;2;7;2;2;4;3;0,74
372;1;4;1;4;1;2;10;6;1;1;4;4;10;3;3;1;2;2;2;3;;2,54
373;2;6;2;3;2;5;17;4;1;3;5;5;7;3;2;2;7;1;3;4;2;0,17
374;2;5;4;4;2;5;8;6;1;1;2;4;6;3;3;1;2;1;3;4;2;0,18
375;1;6;2;5;1;2;17;3;1;1;3;4;3;4;2;2;7;1;1;4;1;1,8
376;2;6;2;5;1;3;17;6;1;1;4;4;10;3;3;2;7;2;1;4;;1,68
377;2;5;4;5;2;7;17;5;1;1;2;2;8;4;2;2;7;1;3;4;3;0,19
378;1;5;2;3;1;5;9;5;1;1;2;3;5;3;3;1;2;2;2;4;2;0,51
379;1;6;2;5;1;6;17;5;1;1;1;1;8;3;2;2;7;1;2;4;3;0,54
380;1;5;3;3;1;5;10;5;1;1;1;1;10;2;4;1;2;1;2;4;;0,54
381;1;3;5;4;2;4;10;2;1;1;1;3;6;2;3;1;2;1;3;2;2;0,54
382;1;6;2;5;1;5;17;4;1;2;3;3;7;4;2;2;7;2;2;5;2;0,82
383;1;3;1;4;1;5;10;4;1;1;2;2;6;3;3;1;2;2;2;3;2;0,97
384;1;4;1;4;1;6;21;7;1;3;5;5;10;3;3;;;;2;3;;2,54
385;1;5;3;5;1;3;10;6;1;2;4;4;8;4;3;1;2;2;2;4;3;2,06
386;1;4;2;4;1;5;11;4;1;1;3;4;6;3;3;1;2;2;2;3;2;0,7
387;2;6;2;5;1;5;17;2;1;1;2;4;3;4;2;2;7;1;2;4;1;1,68
388;2;6;3;4;1;8;17;2;1;1;3;3;3;3;3;2;7;2;2;5;1;2,72
389;2;6;1;3;1;5;16;2;1;1;4;3;7;3;2;2;6;;1;4;2;1,39
390;2;6;1;6;1;3;16;1;1;3;2;2;6;4;2;2;6;;2;4;2;0,83
391;1;3;4;4;1;2;11;6;1;1;1;4;7;5;3;1;2;2;2;2;2;2,21
392;2;4;3;4;2;7;16;6;1;1;1;1;8;5;2;2;6;;3;3;3;0,93
393;1;6;1;4;1;6;17;2;1;2;4;4;8;5;2;2;7;2;2;5;3;1,44
394;1;3;2;4;2;6;6;1;1;1;4;3;5;3;2;1;2;2;3;2;2;0,81
395;1;5;3;4;2;5;17;1;1;3;3;3;7;3;2;2;7;1;3;4;2;0,4
396;1;4;3;4;1;2;5;5;1;1;5;5;7;3;2;1;1;;2;3;2;0,79
397;1;5;3;3;1;6;10;5;1;1;4;4;8;3;2;1;2;2;2;4;3;0,54
398;2;4;4;3;2;8;5;4;1;1;2;5;5;3;2;1;1;;3;3;2;0,2
399;1;3;3;6;2;5;9;1;1;1;2;4;3;3;3;1;2;2;3;3;1;0,31
400;2;5;3;6;1;5;9;5;1;1;1;3;7;4;2;1;2;1;2;4;2;0,3
401;1;6;3;6;2;10;17;4;1;1;2;2;3;4;2;2;7;2;3;4;1;0,24
402;2;5;3;6;1;5;10;6;1;1;1;4;7;3;5;1;2;2;2;3;2;1,8
403;2;3;2;4;1;2;10;7;1;3;5;2;3;3;3;1;2;2;1;3;1;1,96
404;1;6;3;3;2;6;17;4;1;1;1;1;6;3;1;2;7;2;3;4;2;0,24
405;2;4;4;6;2;5;7;4;1;1;2;3;6;4;2;1;2;1;3;3;2;0,2
406;2;5;3;6;1;6;10;1;1;1;4;4;7;3;4;1;2;2;2;4;2;1,04
407;1;6;5;6;2;5;5;4;1;1;1;4;3;4;3;1;1;;3;4;1;0,13
408;1;5;3;4;1;6;18;1;1;1;1;2;8;5;3;2;4;1;2;4;3;0,51
409;2;3;2;1;2;6;8;5;1;1;1;2;7;1;2;1;2;1;3;3;2;0,17
410;2;6;2;5;2;5;17;2;1;3;3;3;3;4;2;2;7;1;3;4;1;0,49
411;1;6;2;4;1;6;17;2;1;2;3;4;6;2;5;2;7;2;2;4;2;1,8
412;2;2;4;1;2;6;11;2;1;2;3;4;8;1;2;1;2;2;3;2;3;0,61
413;1;6;4;1;2;6;17;4;1;1;3;3;3;1;2;2;7;1;3;4;1;0,24
414;2;3;4;1;2;4;20;7;1;3;5;5;1;1;3;2;4;;3;2;1;0,65
415;2;6;4;1;2;5;17;4;1;1;2;3;3;1;2;2;7;1;3;4;1;0,18
416;1;6;4;4;2;5;17;6;1;1;2;2;7;5;2;2;7;1;3;4;2;0,23
417;1;6;1;6;2;6;17;4;1;2;1;1;8;3;2;2;7;2;3;4;3;0,25
418;2;6;2;6;1;6;17;4;1;3;2;3;6;4;2;2;7;2;2;4;2;0,76
419;1;6;1;6;1;3;17;2;1;1;2;3;3;3;2;2;7;2;2;5;1;0,7
420;2;6;5;4;1;5;17;4;1;3;1;3;6;3;2;2;7;1;2;4;2;0,97
421;1;4;4;2;1;5;10;4;1;1;1;2;10;3;2;1;2;1;2;3;;0,71
422;2;6;2;5;1;6;17;6;1;1;5;3;7;3;3;2;7;1;2;4;2;0,72
423;2;5;4;6;2;6;7;6;1;1;1;3;7;4;3;1;2;1;3;4;2;0,18
424;2;4;3;4;2;5;16;6;1;1;3;2;5;5;2;2;6;;3;3;2;0,23
425;1;6;4;3;1;6;17;1;1;1;1;1;6;3;3;2;7;1;1;5;2;1,4
426;2;6;2;3;1;6;10;3;1;2;4;2;4;3;2;1;2;2;1;4;1;2,9
427;2;5;4;2;2;5;16;2;1;1;3;3;6;5;2;2;6;;3;4;2;0,18
428;2;6;5;4;1;3;16;6;1;1;5;5;1;5;4;2;6;;1;5;1;0,97
429;2;6;1;6;1;5;17;6;1;1;3;3;6;4;2;2;7;1;2;4;2;2,39
430;2;3;5;5;2;5;7;5;1;2;2;2;3;3;3;1;2;1;3;3;1;1,1
431;1;4;3;4;1;4;18;5;1;1;2;3;7;3;3;2;4;2;1;3;2;0,75
432;2;6;4;4;1;5;17;6;1;1;1;2;3;3;4;2;7;2;1;4;1;2,01
433;2;5;3;6;1;5;18;2;1;1;3;2;5;3;4;2;4;2;2;4;2;1,04
434;1;4;3;5;1;2;12;6;1;2;3;5;10;4;3;1;3;2;2;3;;3,03
435;1;4;5;6;2;6;7;4;1;1;2;3;7;4;3;1;2;1;3;3;2;0,17
436;2;4;1;6;1;2;10;1;1;1;2;3;7;4;2;1;2;2;2;3;2;2
437;2;6;5;5;1;2;17;5;1;1;1;2;3;4;2;2;7;1;2;4;1;0,97
438;2;2;4;3;1;4;10;6;1;1;2;4;6;3;5;1;2;1;2;2;2;0,45
439;2;5;4;6;2;5;10;7;1;1;1;2;3;4;4;1;2;2;3;4;1;0,42
440;2;5;4;6;1;5;16;6;1;1;1;3;6;4;3;2;6;;2;4;2;0,54
441;2;5;3;2;1;6;16;6;1;2;2;4;9;1;4;2;6;;2;4;4;1,8
442;2;6;2;2;2;6;17;4;1;3;5;5;3;5;2;2;7;1;3;5;1;0,25
443;2;4;1;3;1;7;2;2;1;2;4;4;7;5;4;1;1;;1;3;2;1,16
444;2;2;1;3;2;6;10;6;1;1;3;3;6;2;2;1;2;2;3;2;2;0,66
445;2;6;1;4;1;5;17;2;1;2;4;2;3;5;2;2;7;2;1;5;1;1,39
446;1;5;4;1;1;5;12;4;1;1;2;2;9;3;4;1;3;2;1;4;4;3,1
447;2;6;1;6;1;7;17;5;1;1;4;4;6;3;3;2;7;1;2;5;2;1,39
448;1;2;1;3;2;1;6;4;1;1;4;4;7;3;2;1;2;1;3;2;2;0,22
449;1;5;1;3;1;5;10;4;1;1;2;4;1;3;3;1;2;1;2;4;1;3,69
450;2;5;4;2;1;5;16;5;1;1;3;2;10;1;3;2;6;;2;4;;0,54
451;2;5;2;5;1;6;10;4;1;1;1;4;7;4;3;1;2;1;2;4;2;0,66
452;1;6;1;6;2;6;17;4;1;3;5;1;3;3;2;2;7;2;3;4;1;0,25
453;2;6;3;4;2;6;17;4;1;3;2;2;8;2;3;2;7;1;3;4;3;0,24
454;2;6;1;5;1;7;17;5;1;2;4;4;6;3;3;2;7;1;2;5;2;0,63
455;2;6;3;3;1;7;16;2;1;1;4;4;3;2;2;2;6;;2;4;1;1,57
456;2;3;1;1;1;6;10;4;1;1;2;3;8;1;3;1;2;2;2;3;3;2,33
457;1;6;1;6;2;6;5;5;1;2;1;3;7;4;3;1;1;;3;4;2;0,25
458;1;6;1;1;1;5;17;2;1;1;1;2;8;1;3;2;7;2;2;5;3;0,58
459;2;3;4;6;1;5;18;1;1;1;4;4;6;3;3;2;4;1;2;2;2;1,13
460;1;3;2;5;2;6;10;4;1;2;5;5;6;3;2;1;2;2;3;2;2;0,14
461;2;6;5;6;2;7;5;5;1;1;5;4;7;4;2;1;1;;3;4;2;0,2
462;2;5;1;6;2;5;4;2;1;2;3;5;6;4;2;1;1;;3;4;2;0,45
463;2;4;1;6;1;5;12;2;3;1;2;2;5;3;4;1;3;2;2;3;2;1,01
464;1;4;2;2;1;5;10;3;1;1;1;4;4;1;2;1;2;2;2;3;1;0,66
465;1;6;1;1;1;4;17;2;1;2;2;2;8;1;2;2;7;2;2;4;3;0,99
466;2;6;3;6;1;3;17;2;1;1;4;4;6;3;2;2;7;1;1;4;2;1,57
467;2;6;4;4;1;5;8;5;1;1;5;4;6;3;3;1;2;1;2;4;2;0,53
468;1;6;3;5;2;6;17;1;1;2;2;2;5;4;1;2;7;1;3;4;2;0,32
469;2;6;4;3;1;3;17;4;1;1;1;4;3;2;4;2;7;2;1;4;1;0,5
470;2;3;3;1;2;5;5;1;1;2;1;3;8;1;3;1;1;;3;3;3;0,24
471;2;6;1;3;1;6;17;4;1;1;2;3;5;2;2;2;7;1;2;4;2;0,63
472;1;3;2;2;1;5;10;6;1;3;2;5;7;1;3;1;2;2;2;2;2;0,6
473;1;5;2;5;1;6;17;2;1;1;2;3;3;4;3;2;7;2;2;4;1;1,68
474;1;4;1;4;1;5;10;1;1;2;4;4;5;5;4;1;2;1;2;3;2;2,54
475;1;6;2;3;2;6;17;4;1;1;1;2;1;5;2;2;7;2;3;5;1;0,6
476;1;6;4;3;2;6;5;2;1;2;3;3;5;2;2;1;1;;3;5;2;0,53
477;1;6;3;4;1;6;17;4;1;1;2;4;3;3;2;2;7;2;2;5;1;0,71
478;2;5;4;4;1;5;16;2;1;1;4;4;3;3;2;2;6;;2;4;1;1,26
479;1;6;2;3;1;6;17;3;1;1;5;5;3;2;3;2;7;1;2;4;1;0,82
480;1;3;1;6;2;5;10;5;1;1;2;3;8;4;2;1;2;2;3;2;3;1,23
481;1;6;4;6;1;6;17;3;1;1;4;4;6;4;3;2;7;1;2;4;2;2,76
482;1;3;1;2;2;5;9;5;1;1;1;1;8;3;2;1;2;2;3;2;3;0,3
483;1;5;3;6;1;5;17;2;1;1;2;2;6;4;2;2;7;2;2;4;2;1,19
484;2;5;2;3;1;3;17;2;1;1;2;2;5;2;2;2;7;2;1;4;2;1,46
485;1;6;5;3;1;6;17;5;1;1;4;4;7;3;3;2;7;1;2;4;2;2,42
486;2;6;5;6;1;6;16;3;1;1;2;2;3;3;3;2;6;;2;4;1;0,92
487;2;6;2;3;1;3;17;2;1;1;4;4;7;5;2;2;7;2;2;5;2;1,68
488;2;6;5;4;2;3;17;1;3;3;2;5;7;5;2;2;7;1;3;5;2;0,63
489;2;5;3;6;1;6;17;5;1;1;4;4;7;4;2;2;7;2;2;4;2;0,91
490;1;2;3;6;1;6;10;4;1;1;1;3;8;3;2;1;2;2;2;2;3;3,46
491;1;4;4;6;1;5;4;3;1;2;2;3;7;4;3;1;1;;2;3;2;0,67
492;1;3;5;3;2;4;5;1;1;2;4;4;5;2;2;1;1;;3;3;2;0,54
493;2;3;4;1;2;6;18;7;1;3;5;5;6;3;4;2;4;2;3;2;2;0,65
494;1;5;1;3;1;6;17;4;1;1;1;4;8;2;2;2;7;1;2;4;3;0,61
495;1;4;1;3;1;7;10;6;1;1;3;4;6;3;3;1;2;2;2;3;2;0,67
496;1;4;3;4;2;5;7;5;1;1;1;2;6;3;3;1;2;1;3;3;2;0,17
497;1;2;1;3;1;4;14;5;1;1;1;1;6;3;2;2;5;;2;2;2;1,43
498;1;2;4;6;1;6;4;4;1;1;2;3;7;3;3;1;1;;2;2;2;0,68
499;1;4;1;3;1;6;18;6;1;1;5;3;9;2;4;2;4;2;1;3;4;2,54
500;1;6;2;3;2;3;17;6;1;2;4;4;6;5;1;2;7;1;3;4;2;0,27
501;2;4;4;5;1;5;10;6;1;1;2;4;6;3;4;1;2;2;2;3;2;1,35
502;2;6;5;6;1;7;17;5;3;1;2;2;5;4;3;2;7;2;2;4;2;0,97
503;2;5;4;3;1;5;16;6;1;1;5;5;4;3;3;2;6;;1;4;1;2,17
504;1;5;2;6;2;5;10;7;1;1;1;3;7;4;4;1;2;2;3;4;2;0,25
505;2;5;5;4;1;5;18;3;1;1;2;3;6;3;3;2;4;2;2;4;2;0,66
506;2;4;1;6;1;6;16;7;1;3;5;5;6;3;3;2;6;;2;3;2;1,16
507;1;4;4;6;1;5;12;6;1;1;2;1;3;3;2;1;3;1;1;3;1;0,67
508;2;6;1;4;1;6;17;6;3;2;4;4;9;3;4;2;7;2;1;4;4;2,39
509;2;4;1;1;1;7;8;7;1;2;5;3;5;1;2;1;2;1;2;3;2;0,83
510;2;6;1;4;1;3;17;5;1;2;2;2;6;2;2;2;7;2;1;4;2;0,63
511;1;2;4;3;2;4;9;6;1;2;5;5;8;5;2;1;2;2;3;2;3;0,23
512;1;4;4;6;1;5;12;5;1;1;1;1;6;4;2;1;3;2;2;3;2;0,47
513;1;2;2;6;2;6;10;2;1;1;1;2;5;3;2;1;2;2;3;2;2;0,73
514;2;4;1;3;1;5;16;4;1;2;3;4;6;2;1;2;6;;2;3;2;0,52
515;1;3;1;3;1;2;10;7;1;3;2;3;5;3;3;1;2;2;2;3;2;2,14
516;1;5;2;2;1;5;16;3;1;1;1;1;6;1;5;2;6;;1;4;2;1,47
517;1;5;3;3;2;3;10;4;1;1;5;5;6;3;2;1;2;2;3;4;2;0,18
518;1;4;5;6;1;5;10;2;3;1;1;2;2;4;2;1;2;2;2;3;1;1,56
519;2;6;2;2;1;6;17;2;1;1;2;4;6;3;2;2;7;1;2;4;2;1,68
520;1;6;2;6;1;6;17;5;1;1;1;3;8;3;2;2;7;2;1;5;3;0,54
521;1;4;4;5;1;4;10;6;1;1;5;5;2;3;3;1;2;2;2;3;1;2,71
522;2;5;3;1;1;5;10;7;1;2;5;5;10;1;4;1;2;2;2;3;;0,45
523;2;6;3;6;1;5;10;4;1;1;2;3;5;4;3;1;2;2;2;4;2;0,71
524;1;6;3;1;1;6;17;4;1;1;1;3;5;1;3;2;7;2;2;5;2;0,71
525;2;6;4;2;2;5;8;3;1;1;3;3;3;1;2;1;2;1;3;4;1;0,39
526;1;5;1;3;1;5;1;3;1;1;1;5;3;3;2;1;1;;1;4;1;2,14
527;2;2;1;3;2;5;10;2;1;1;2;4;3;3;3;1;2;1;3;2;1;0,38
528;2;5;5;4;2;5;10;1;1;1;2;3;7;3;2;1;2;1;3;4;2;0,52
529;1;4;5;3;1;6;2;6;1;1;3;4;6;3;2;1;1;;2;3;2;1,08
530;2;2;1;3;1;6;10;5;1;2;2;4;5;2;2;1;2;2;2;2;2;0,4
531;2;6;3;6;1;3;8;5;1;1;1;1;3;3;3;1;2;1;2;4;1;0,71
532;1;3;3;3;1;5;10;6;1;1;2;2;6;5;2;1;2;2;2;2;2;0,66
533;1;5;3;6;1;5;17;2;1;2;4;5;7;3;2;2;7;1;2;4;2;1,19
534;1;3;3;4;2;5;9;6;1;3;1;1;3;5;2;1;2;1;3;2;1;0,22
535;2;6;3;2;1;7;17;2;1;1;5;5;3;1;4;2;7;2;1;4;1;1,57
536;2;4;1;6;1;5;10;2;1;1;4;4;3;3;3;1;2;2;2;3;1;0,5
537;2;6;1;4;2;6;1;3;1;2;4;4;8;5;3;1;1;;3;4;3;0,21
538;2;6;1;6;1;6;17;4;1;1;3;3;6;3;2;2;7;1;2;5;2;0,63
539;1;6;4;1;1;10;17;4;1;3;5;4;3;5;2;2;7;1;2;4;1;0,72
540;1;6;4;4;1;6;17;4;1;1;2;3;4;3;3;2;7;1;2;4;1;0,72
541;2;6;1;6;2;3;5;5;1;1;3;3;10;4;4;1;1;;3;4;;0,21
542;1;6;2;3;1;10;17;4;1;1;4;4;6;5;2;2;7;2;2;4;2;0,82
543;1;6;3;2;1;6;20;1;1;3;5;5;7;1;2;2;4;;2;4;2;0,95
544;2;5;4;6;1;5;16;6;1;1;1;1;3;3;2;2;6;;1;4;1;0,54
545;1;5;3;6;1;5;1;4;1;1;1;3;5;4;2;1;1;;2;4;2;0,54
546;2;6;1;1;1;5;16;4;1;2;3;3;10;1;3;2;6;;2;5;;0,63
547;2;5;1;6;1;5;7;4;1;3;5;5;2;4;2;1;2;1;1;4;1;0,61
548;1;5;5;3;1;5;10;3;1;1;2;4;3;3;3;1;2;1;2;4;1;0,91
549;1;5;1;4;1;5;10;6;1;3;2;4;4;3;2;1;2;2;2;3;1;0,91
550;1;6;1;3;1;6;17;7;1;3;2;4;6;3;4;2;7;2;1;4;2;2,84
551;1;4;1;3;1;5;10;6;1;1;2;4;6;3;3;1;2;2;2;3;2;0,63
552;2;2;1;6;2;6;9;6;1;2;4;3;8;4;3;1;2;2;3;2;3;0,66
553;2;6;4;4;1;5;17;4;1;2;3;4;4;3;3;2;7;2;2;4;1;0,53
554;1;4;3;2;1;5;11;2;1;1;3;3;7;1;3;1;2;1;2;3;2;1,76
555;1;3;4;3;1;6;12;5;1;3;2;5;6;3;2;1;3;2;2;2;2;0,55
556;1;6;1;6;1;5;17;2;1;2;4;4;6;3;3;2;7;2;2;5;2;2,84
557;1;6;5;4;1;7;17;6;1;3;2;3;6;5;3;2;7;1;2;4;2;1,4
558;1;6;4;1;1;6;17;3;1;1;2;4;5;5;2;2;7;1;1;4;2;0,72
559;2;6;1;4;2;6;17;6;1;3;4;4;7;5;3;2;7;1;3;4;2;0,46
560;2;6;1;6;2;5;17;2;1;2;4;4;3;4;3;2;7;2;3;4;1;0,46
561;1;6;4;3;2;6;17;4;1;1;3;3;3;5;3;2;7;2;3;4;1;0,24
562;2;5;2;5;2;6;4;4;3;3;2;2;7;3;1;1;1;;3;4;2;0,22
563;2;6;3;6;2;6;17;5;1;1;4;4;9;4;2;2;7;1;3;4;4;0,24
564;1;6;4;3;1;6;17;4;1;2;3;2;7;2;2;2;7;1;1;5;2;0,68
565;1;3;1;2;2;6;11;5;1;2;1;1;6;1;2;1;2;2;3;2;2;0,51
566;2;4;4;4;2;5;11;4;1;1;2;2;7;5;4;1;2;2;3;3;2;0,77
567;2;5;2;2;2;5;5;4;3;1;1;1;6;3;5;1;1;;3;4;2;0,14
568;2;6;2;3;1;6;17;4;1;1;4;4;10;2;3;2;7;2;1;4;;1,2
569;1;5;1;2;1;6;17;6;1;2;1;1;6;1;3;2;7;2;1;4;2;0,91
570;2;3;1;4;1;2;12;5;1;1;2;2;3;2;2;1;3;2;1;3;1;0,58
571;2;6;2;3;1;5;17;4;1;1;2;3;6;2;3;2;7;2;1;4;2;0,48
572;1;6;3;2;1;6;17;4;1;1;5;5;3;1;2;2;7;2;1;4;1;0,67
573;1;4;1;6;1;5;10;2;1;2;4;4;7;4;2;1;2;2;1;3;2;0,63
574;1;5;4;3;1;5;2;1;1;1;2;4;6;3;4;1;1;;1;4;2;1,08
575;2;6;2;4;1;6;17;2;1;1;4;4;3;3;3;2;7;2;2;5;1;1,68
576;2;2;4;1;1;10;16;7;5;3;5;5;10;5;4;2;6;;1;2;;1,83
577;2;4;3;6;2;5;10;1;1;1;2;4;7;4;5;1;2;2;3;3;2;0,54
578;2;4;2;5;1;6;12;5;1;2;1;2;6;3;3;1;3;2;2;3;2;0,67
579;2;3;4;6;1;5;18;5;1;1;1;4;7;4;4;2;4;2;2;2;2;0,48
580;1;4;3;3;1;4;9;2;1;2;3;4;7;2;3;1;2;2;2;3;2;1,76
581;1;4;2;4;2;2;5;6;1;2;4;4;8;3;3;1;1;;3;3;3;0,15
582;1;6;2;3;1;6;17;6;1;2;1;2;6;5;2;2;7;1;1;4;2;0,77
583;2;6;1;6;1;6;17;5;1;1;1;1;7;4;5;2;7;1;1;4;2;0,63
584;1;6;4;2;2;6;17;2;1;2;3;3;6;5;2;2;7;1;3;5;2;0,32
585;1;4;1;3;1;5;10;6;1;3;4;4;6;3;3;1;2;2;2;3;2;2,54
586;2;4;3;4;1;5;10;2;1;1;5;4;5;3;3;1;2;2;2;3;2;1,62
587;2;6;1;6;2;6;17;6;1;2;4;4;7;4;2;2;7;1;3;4;2;0,2
588;1;6;1;6;2;6;17;5;1;1;1;1;8;4;2;2;7;2;3;4;3;0,16
589;2;6;1;5;2;6;17;4;1;1;4;3;6;4;2;2;7;1;3;4;2;0,21
590;1;4;1;6;1;1;9;5;1;1;1;2;7;4;4;1;2;2;2;3;2;0,44
591;1;4;3;6;2;5;12;5;1;1;1;1;10;4;2;1;3;2;3;3;;0,42
592;2;5;1;4;1;6;10;2;1;3;4;5;5;3;2;1;2;2;2;4;2;1,36
593;1;5;3;4;2;6;5;3;1;1;2;2;6;3;2;1;1;;3;4;2;0,17
594;1;4;2;2;1;5;5;5;1;1;1;2;6;1;3;1;1;;2;3;2;0,66
595;1;5;1;6;1;6;9;4;1;3;3;3;6;4;2;1;2;2;2;4;2;0,97
596;1;6;2;2;1;6;17;4;1;1;3;3;7;3;3;2;7;2;2;4;2;0,82
597;1;3;1;6;2;2;9;7;1;3;5;5;10;4;2;1;2;2;3;3;;1,23
598;1;4;2;4;1;6;10;4;1;1;3;2;3;3;3;1;2;2;2;3;1;0,66
599;1;6;4;3;1;5;17;4;1;1;3;4;3;3;3;2;7;2;2;4;1;0,72
600;2;3;3;6;2;5;5;6;1;1;2;2;6;3;2;1;1;;3;2;2;0,31
601;1;2;2;4;2;6;7;5;1;2;1;4;6;5;2;1;2;1;3;2;2;0,19
602;2;6;2;4;2;8;17;4;1;1;5;4;7;3;2;2;7;1;3;4;2;0,97
603;1;2;4;4;1;1;5;7;1;3;4;5;10;3;4;1;1;;2;2;;2,74
604;1;6;1;2;1;6;17;2;1;2;3;3;6;1;2;2;7;1;2;4;2;1,44
605;1;6;4;4;2;6;17;6;1;1;2;3;5;3;3;2;7;1;3;4;2;0,92
606;1;5;3;4;2;3;10;6;1;2;4;4;6;3;3;1;2;2;3;3;2;0,4
607;1;6;2;5;2;6;5;4;1;2;1;3;8;4;2;1;1;;3;4;3;0,27
608;1;3;1;4;2;2;3;4;1;2;2;4;5;2;3;1;1;;3;3;2;0,25
609;2;6;1;4;1;9;17;2;1;2;4;4;3;5;3;2;7;2;1;5;1;1,21
610;1;3;4;4;1;4;9;2;1;1;3;4;5;3;1;1;2;2;2;3;2;1,12
611;1;6;2;5;2;6;17;4;1;1;1;1;8;4;2;2;7;1;3;4;3;0,27
612;1;2;2;2;1;4;18;1;1;1;3;4;7;1;3;2;4;2;1;2;2;1,27
613;1;3;1;6;2;2;10;4;1;1;1;4;5;4;3;1;2;2;3;2;2;0,3
614;1;5;5;4;1;10;6;5;1;1;1;2;8;2;2;1;2;2;2;3;3;0,61
615;2;2;4;1;1;5;16;5;1;3;5;5;6;5;2;2;6;;2;2;2;1,83
616;1;6;3;6;2;5;17;5;1;1;1;3;6;3;2;2;7;2;3;4;2;0,24
617;2;6;2;5;1;6;16;5;1;2;2;3;5;3;2;2;6;;1;5;2;0,76
618;1;3;1;3;2;5;10;3;1;2;3;4;5;2;2;1;2;1;3;3;2;0,25
619;2;4;2;3;1;7;5;7;1;1;2;2;6;3;3;1;1;;2;3;2;0,52
620;1;6;3;3;2;5;18;2;1;2;4;4;8;2;2;2;4;2;3;4;3;0,46
621;1;4;1;6;2;5;5;4;1;1;2;2;6;3;4;1;1;;3;3;2;0,49
622;2;2;5;1;1;10;21;7;1;3;5;5;10;5;5;;;;1;2;;2,14
623;2;6;1;3;1;3;17;3;1;1;3;2;3;3;3;2;7;1;2;4;1;0,63
624;2;4;3;4;1;5;16;2;1;3;4;4;3;5;3;2;6;;2;3;1;1,62
625;1;4;1;3;2;2;10;4;1;1;2;3;7;3;3;1;2;2;3;3;2;0,22
626;1;2;3;5;2;4;10;2;1;2;3;2;5;4;3;1;2;1;3;2;2;1,15
627;1;6;5;6;1;5;16;6;1;3;3;3;10;4;3;2;6;;2;5;;2,42
628;1;5;4;4;1;5;10;2;1;1;3;4;3;3;3;1;2;2;2;4;1;1,08
629;1;6;4;4;1;6;17;5;1;1;1;1;8;3;4;2;7;1;1;5;3;0,48
630;1;4;4;6;1;5;4;4;1;1;2;4;7;4;3;1;1;;2;3;2;0,67
631;2;4;2;2;2;5;18;1;1;1;3;4;3;3;3;2;4;2;3;3;1;0,21
632;1;4;4;1;1;5;12;4;1;1;4;3;6;1;3;1;3;2;2;3;2;0,71
633;1;3;5;2;2;6;10;2;1;1;2;3;6;5;2;1;2;1;3;2;2;0,28
634;2;6;5;3;1;6;16;4;1;1;2;3;7;3;3;2;6;;2;4;2;0,92
635;1;2;4;5;2;4;5;4;1;2;1;1;6;4;3;1;1;;3;2;2;0,15
636;2;6;3;4;1;6;16;3;1;1;2;2;3;3;2;2;6;;1;4;1;0,67
637;2;6;1;6;1;6;17;4;1;1;5;5;5;3;3;2;7;2;1;4;2;0,63
638;2;5;1;3;1;7;16;1;1;3;3;4;3;5;2;2;6;;2;4;1;0,82
639;1;5;5;4;1;6;12;6;1;3;4;4;5;3;2;1;3;2;1;4;2;0,91
640;1;2;2;3;2;5;5;7;1;3;4;5;7;5;4;1;1;;3;2;2;0,15
641;1;1;5;4;2;4;1;4;1;1;2;3;7;5;2;1;1;;3;1;2;0,12
642;2;4;1;5;2;9;5;2;1;2;2;3;7;4;2;1;1;;3;3;2;0,28
643;2;6;4;1;1;5;10;7;1;3;5;5;5;5;3;1;2;2;2;5;2;2,01
644;1;6;5;2;1;5;18;4;1;3;3;3;7;1;2;2;4;1;2;4;2;1,4
645;2;5;3;3;1;7;10;5;1;1;2;2;6;5;2;1;2;2;2;4;2;0,47
646;1;4;4;4;2;6;10;4;1;1;4;4;7;5;2;1;2;2;3;3;2;0,15
647;2;2;4;4;1;4;14;3;1;3;5;5;8;2;3;2;5;;2;2;3;1,83
648;1;6;4;6;1;7;17;4;1;1;3;4;7;3;4;2;7;2;2;5;2;0,72
649;2;5;2;2;1;6;12;5;1;1;1;2;6;1;3;1;3;2;1;4;2;0,66
650;2;6;5;4;2;7;17;6;1;1;5;5;3;5;3;2;7;1;3;4;1;0,31
651;2;3;3;3;1;5;10;6;1;1;2;5;6;5;2;1;2;2;2;2;2;0,88
652;2;4;5;6;1;5;10;4;1;1;4;4;3;4;2;1;2;2;2;3;1;0,43
653;2;4;4;3;1;5;4;2;1;1;1;5;6;3;3;1;1;;2;3;2;1,35
654;1;5;1;6;2;3;5;2;1;2;3;3;3;4;3;1;1;;3;4;1;0,25
655;2;5;1;6;1;7;17;5;1;1;5;5;6;4;4;2;7;1;1;4;2;1,36
656;2;4;3;6;1;5;10;4;1;3;4;4;5;4;3;1;2;2;2;3;2;0,69
657;2;5;2;3;2;5;4;1;4;2;3;4;5;5;3;1;1;;3;4;2;0,17
658;1;5;2;3;1;3;4;1;1;2;1;4;4;5;1;1;1;;2;4;1;0,72
659;1;6;1;2;1;3;17;2;1;1;2;2;5;1;4;2;7;2;1;4;2;1,65
660;1;5;4;3;1;5;12;7;1;3;5;4;3;3;3;1;3;2;2;4;1;0,77
661;2;5;4;6;1;3;16;6;1;1;5;4;7;4;2;2;6;;1;3;2;1,26
662;1;5;1;3;1;7;10;1;1;2;2;2;5;3;3;1;2;2;2;4;2;1,29
663;1;2;4;4;1;4;12;6;1;1;1;1;8;3;5;1;3;2;2;2;3;0,45
664;1;6;1;5;1;6;5;2;1;2;4;4;5;4;2;1;1;;2;5;2;0,47
665;2;4;2;3;1;6;16;7;1;1;5;5;7;3;4;2;6;;1;3;2;2,54
666;2;4;5;1;1;5;10;3;1;3;5;5;10;1;3;1;2;1;2;3;;1,66
667;1;4;4;4;1;5;10;5;1;1;1;4;7;3;3;1;2;2;2;3;2;0,47
668;1;3;4;5;1;2;9;6;1;1;4;4;3;4;2;1;2;2;2;3;1;0,55
669;1;4;3;6;1;5;10;7;1;1;3;2;8;3;2;1;2;2;2;3;3;3,03
670;2;3;2;6;2;6;10;5;1;1;2;4;5;4;2;1;2;2;3;2;2;0,17
671;1;2;4;1;1;4;18;7;5;1;5;4;10;1;5;2;4;2;2;2;;2,74
672;2;3;1;2;1;2;5;2;1;1;2;2;4;5;3;1;1;;2;2;1;1,18
673;1;5;1;1;1;6;17;1;1;2;3;3;6;1;3;2;7;2;2;4;2;2,14
674;2;4;4;5;1;6;5;6;1;1;4;4;5;4;2;1;1;;2;3;2;0,57
675;2;6;4;3;1;9;17;4;1;3;5;5;7;3;2;2;7;1;1;4;2;0,53
676;1;3;4;3;1;5;4;4;1;1;1;2;7;3;3;1;1;;2;3;2;1,28
677;2;5;4;3;1;5;17;6;1;3;2;5;6;2;4;2;7;2;2;4;2;2,17
678;1;5;2;5;1;5;10;1;1;2;3;3;7;3;3;1;2;2;2;4;2;1,01
679;2;6;1;1;2;3;17;4;1;3;2;3;3;1;4;2;7;2;3;4;1;0,21
680;1;3;2;2;1;5;10;6;1;1;2;3;7;1;2;1;2;2;2;3;2;0,6
681;2;2;2;2;2;6;10;5;1;1;2;3;8;3;2;1;2;2;3;2;3;0,25
682;1;4;4;4;2;2;5;3;1;2;5;5;1;3;2;1;1;;3;3;1;0,31
683;1;2;3;6;2;4;1;5;1;1;4;4;8;4;2;1;1;;3;2;3;0,2
684;2;2;4;2;1;4;20;7;1;1;2;5;5;5;3;2;4;;2;2;2;0,45
685;1;6;3;4;2;6;4;6;1;2;3;3;8;2;3;1;1;;3;4;3;0,91
686;2;4;4;2;1;2;20;1;1;1;1;1;5;1;5;2;4;;1;3;2;0,57
687;2;5;2;6;1;7;17;5;1;3;3;3;6;4;3;2;7;2;2;4;2;0,62
688;2;2;3;3;1;4;10;6;1;3;4;4;7;2;2;1;2;2;2;2;2;1,59
689;2;5;2;2;2;6;8;5;1;2;2;3;4;3;2;1;2;1;3;4;1;0,22
690;1;6;2;2;1;5;21;7;1;3;5;5;3;3;2;;;;1;4;1;3,11
691;1;1;4;3;1;4;13;5;1;1;2;2;6;3;4;1;1;;2;2;2;0,31
692;2;1;5;6;1;1;14;2;1;1;2;2;3;4;3;2;5;;2;1;1;0,37
693;2;6;1;1;1;5;17;4;1;1;3;3;5;5;2;2;7;2;2;4;2;0,63
694;1;1;1;2;1;4;14;4;1;3;5;4;3;1;2;2;5;;1;1;1;0,7
695;1;2;3;4;1;4;12;3;1;1;2;2;3;3;2;1;3;2;2;2;1;0,91
696;1;2;5;5;1;6;10;4;1;1;2;3;8;4;2;1;2;2;2;2;3;0,58
697;1;2;3;4;1;1;15;6;1;2;3;4;4;2;2;2;4;;2;2;1;1,2
698;2;4;2;5;2;6;6;7;1;2;4;4;5;4;2;1;2;2;3;3;2;0,22
699;2;2;4;3;1;4;14;5;1;1;2;2;7;3;2;2;5;;2;2;2;0,48
700;2;2;3;4;2;5;10;1;1;1;3;3;6;2;3;1;2;2;3;2;2;0,31
701;1;4;2;3;1;4;2;2;1;2;3;3;4;2;2;1;1;;1;3;1;1,1
702;1;2;1;6;2;5;10;4;1;1;4;4;7;4;3;1;2;2;3;2;2;0,2
703;2;5;3;5;2;5;9;4;1;3;4;3;3;4;2;1;2;1;3;4;1;0,16
704;2;3;2;6;2;5;10;6;1;1;5;5;8;4;3;1;2;2;3;2;3;0,16
705;2;3;4;5;1;5;18;6;1;1;2;2;5;4;4;2;4;2;2;2;2;0,48
706;2;6;4;6;1;6;16;2;1;1;5;5;5;4;2;2;6;;1;4;2;0,7
707;1;3;1;4;1;7;9;4;1;1;2;3;8;5;3;1;2;2;2;3;3;1,52
708;2;4;5;4;1;6;16;6;1;3;5;5;5;2;2;2;6;;1;3;2;1,66
709;1;4;5;4;1;5;10;6;1;1;1;3;3;5;3;1;2;1;2;3;1;0,63
710;2;1;3;4;1;3;4;6;1;3;5;5;6;5;3;1;1;;2;1;2;0,45
711;1;4;2;6;1;6;10;4;1;1;3;4;7;4;2;1;2;2;1;3;2;1,35
712;2;6;4;5;2;6;17;7;1;1;2;5;5;4;2;2;7;1;3;4;2;0,17
713;2;2;2;6;2;5;8;1;1;3;2;4;5;4;3;1;2;1;3;2;2;0,88
714;2;4;5;4;1;5;16;3;1;1;5;5;3;5;3;2;6;;2;3;1;0,34
715;2;5;2;4;2;5;10;4;1;2;5;2;3;3;2;1;2;1;3;4;1;0,22
716;1;6;2;6;1;8;17;2;1;1;2;2;4;4;2;2;7;2;1;5;1;1,8
717;1;4;1;3;1;6;10;1;1;1;1;2;6;3;4;1;2;2;1;3;2;1,47
718;2;4;5;4;1;5;16;6;1;3;5;5;3;5;3;2;6;;2;3;1;0,34
719;2;3;5;4;1;5;16;6;1;3;2;5;3;5;3;2;6;;2;3;1;0,67
720;1;3;5;6;2;4;18;7;1;1;2;5;5;4;3;2;4;2;3;2;2;1,06
721;2;6;2;3;1;7;20;2;1;1;2;4;3;3;3;2;4;;2;4;1;1,68
722;2;5;2;5;1;9;16;6;1;1;1;3;6;4;3;2;6;;1;4;2;1,46
723;2;6;1;6;1;3;17;4;1;1;2;2;7;3;2;2;7;2;1;5;2;0,63
724;1;3;3;5;2;6;12;4;1;3;5;5;10;5;3;1;3;2;3;3;;0,22
725;2;6;1;6;2;6;18;4;1;1;5;3;7;4;3;2;4;2;3;4;2;0,8
726;2;4;5;3;1;5;16;5;1;1;2;2;6;3;2;2;6;;2;3;2;0,96
727;2;3;4;3;1;5;16;6;1;1;2;2;2;2;2;2;6;;2;2;1;0,48
728;2;5;5;3;1;6;15;1;1;1;2;5;3;3;5;2;4;;1;4;1;1,35
729;2;5;1;2;2;5;16;3;1;1;3;3;3;3;4;2;6;;3;4;1;0,45
730;2;2;1;6;1;4;10;5;1;1;2;2;8;3;2;1;2;2;1;2;3;0,52
731;2;4;4;2;1;5;16;2;1;1;1;4;5;1;3;2;6;;2;3;2;1,35
732;1;6;4;4;1;5;17;5;1;1;1;1;6;3;3;2;7;1;2;4;2;0,68
733;2;3;4;6;1;4;10;5;1;1;2;2;5;4;3;1;2;2;2;3;2;0,51
734;1;4;2;4;1;2;10;5;1;2;2;4;7;3;2;1;2;2;2;3;2;0,66
735;2;6;2;5;2;6;17;4;1;2;2;2;6;3;2;2;7;1;3;4;2;0,25
736;1;6;4;4;1;5;17;2;1;1;1;5;6;5;4;2;7;2;2;5;2;1,6
737;2;5;4;1;1;6;16;6;1;1;2;5;7;3;3;2;6;;1;3;2;2,17
738;1;4;2;5;1;5;4;2;1;1;1;3;8;3;2;1;1;;2;3;3;1,55
739;2;2;1;4;2;1;10;4;1;1;4;4;7;3;2;1;2;2;3;2;2;0,17
740;2;1;3;6;2;5;4;3;1;3;5;5;5;3;3;1;1;;3;1;2;0,43
741;1;6;2;3;1;5;17;5;1;1;3;3;8;2;2;2;7;2;1;4;3;0,82
742;1;6;4;6;2;5;17;5;1;1;4;1;6;4;2;2;7;2;3;4;2;0,24
743;2;4;2;3;2;5;10;4;1;2;3;3;6;2;3;1;2;2;3;3;2;0,35
744;2;2;4;4;1;1;10;6;1;3;5;5;8;5;3;1;2;2;2;2;3;1,83
745;1;4;2;2;1;5;11;6;1;1;2;4;7;1;2;1;2;2;2;3;2;0,66
746;1;2;5;1;1;5;13;6;1;2;2;3;5;3;5;1;1;;2;5;2;0,54
747;2;2;1;6;2;1;1;4;1;2;3;3;6;4;2;1;1;;3;2;2;0,27
748;2;4;2;5;2;2;10;5;1;2;2;3;6;3;3;1;2;2;3;3;2;0,22
749;1;5;2;5;1;3;10;5;1;2;2;2;4;3;3;1;2;2;2;4;1;0,76
750;2;5;3;3;1;5;10;4;1;1;1;1;3;2;3;1;2;1;2;4;1;0,47
751;2;3;4;6;1;5;3;5;1;3;3;4;7;4;3;1;1;;1;3;2;1,95
752;1;2;3;4;2;4;18;4;1;1;2;3;5;2;3;2;4;2;3;2;2;0,3
753;2;6;3;6;1;7;17;2;1;1;3;3;8;4;2;2;7;1;2;5;3;0,95
754;2;6;1;2;1;6;17;2;1;2;4;4;7;1;3;2;7;2;1;4;2;1,39
755;2;1;4;2;1;4;6;6;1;1;1;3;4;1;2;1;2;1;2;1;1;0,27
756;1;4;3;4;1;5;12;4;1;2;3;4;6;3;2;1;3;2;1;3;2;0,79
757;1;3;3;6;1;2;10;6;1;2;4;4;7;4;3;1;2;2;1;2;2;1,54
758;2;5;3;6;2;6;7;5;1;1;2;2;8;3;3;1;2;1;3;4;3;0,16
759;2;3;1;4;1;5;10;1;1;1;1;1;3;5;4;1;2;2;2;3;1;1,35
760;1;5;2;2;1;5;10;2;1;2;2;3;3;1;2;1;2;2;2;3;1;0,76
761;2;4;3;4;1;6;12;6;1;1;5;3;6;2;4;1;3;1;2;3;2;0,69
762;1;5;4;2;1;5;10;5;1;1;1;4;5;3;3;1;2;1;2;3;2;0,77
763;1;3;1;6;2;5;9;4;1;1;2;4;4;4;2;1;2;2;3;2;1;0,2
764;2;3;5;6;2;5;5;6;1;1;2;2;8;3;2;1;1;;3;2;3;1,1
765;1;2;4;2;2;1;14;5;1;2;3;5;7;1;3;2;5;;3;2;2;0,24
766;2;3;1;3;2;5;10;4;1;1;2;3;10;3;2;1;2;2;3;3;;0,16
767;2;3;4;2;1;5;1;6;1;3;2;3;3;3;1;1;1;;2;3;1;0,48
768;1;6;4;4;1;5;2;4;1;1;1;1;8;3;5;1;1;;1;4;3;0,72
769;1;3;3;6;2;6;10;5;1;1;1;1;6;4;2;1;2;1;3;2;2;0,23
770;1;6;2;5;1;3;17;5;1;2;2;2;5;3;3;2;7;2;2;4;2;0,82
771;1;3;5;6;2;2;7;6;1;1;4;4;5;4;2;1;2;1;3;2;2;0,37
772;2;2;4;6;1;6;12;1;1;2;3;4;1;3;2;1;3;2;2;2;1;0,64
773;1;3;5;1;1;5;12;6;1;2;2;3;3;3;5;1;3;1;1;3;1;0,79
774;2;6;3;3;1;6;17;4;1;2;2;3;3;2;2;2;7;1;2;4;1;0,71
775;1;2;1;6;2;6;11;3;1;1;2;2;6;4;2;1;2;1;3;2;2;0,2
776;1;4;2;3;2;5;10;4;1;2;3;4;4;2;2;1;2;2;3;3;1;0,31
777;2;3;2;3;1;5;12;6;2;1;4;4;4;5;3;1;3;2;2;3;1;1,96
778;1;2;1;2;2;4;9;4;1;2;4;4;8;1;2;1;2;2;3;2;3;0,14
779;1;2;2;2;1;6;10;6;1;1;3;3;8;3;3;1;2;2;2;2;3;0,45
780;1;4;4;4;2;5;5;5;1;3;2;4;5;3;2;1;1;;3;3;2;0,16
781;2;4;1;6;2;2;10;6;1;1;2;5;5;4;2;1;2;2;3;3;2;0,67
782;2;3;2;5;2;9;7;6;1;1;2;5;6;4;2;1;2;1;3;3;2;0,65
783;2;3;4;4;1;5;12;4;1;1;2;2;2;3;2;1;3;1;2;2;1;0,48
784;2;4;1;4;2;5;16;6;1;3;2;5;8;3;2;2;6;;3;3;3;0,17
785;2;3;1;1;1;6;18;6;1;3;3;4;8;1;3;2;4;2;2;2;3;0,58
786;2;4;3;2;1;2;12;7;1;1;2;3;7;1;5;1;3;2;2;3;2;2,8
787;2;6;2;5;1;5;10;2;1;2;4;4;5;3;2;1;2;2;2;4;2;1,68
788;2;1;1;6;1;4;11;5;1;2;1;3;8;3;2;1;2;2;2;1;3;0,23
789;2;6;4;6;1;6;17;4;1;1;1;2;6;4;2;2;7;1;2;4;2;0,53
790;2;5;5;6;2;6;16;6;1;1;3;3;8;4;3;2;6;;3;4;3;0,89
791;1;4;4;3;1;6;4;6;1;1;2;5;3;2;2;1;1;;1;3;1;0,67
792;1;1;3;1;2;4;14;5;1;1;2;3;8;1;2;2;5;;3;2;3;0,34
793;1;6;4;5;2;5;17;4;1;1;1;2;6;4;3;2;7;2;3;5;2;0,23
794;1;6;4;4;1;5;10;5;1;1;4;4;7;3;3;1;2;2;2;5;2;0,48
795;2;5;2;3;1;6;10;2;1;2;4;4;3;2;3;1;2;2;2;3;1;1,46
796;2;4;3;5;1;5;10;6;1;2;2;4;7;3;2;1;2;1;2;3;2;1,41
797;2;3;4;1;1;5;16;6;1;3;5;5;4;3;2;2;6;;1;2;1;1,95
798;2;2;5;3;1;4;20;5;1;1;4;4;5;3;3;2;4;;2;2;2;0,53
799;1;1;4;3;1;4;18;7;1;3;5;5;5;3;3;2;4;2;1;1;2;0,47
800;2;6;4;4;1;5;16;5;1;1;1;2;6;3;3;2;6;;2;4;2;0,53
801;1;2;1;4;1;4;10;1;1;1;3;4;7;2;3;1;2;2;2;2;2;1,43
802;1;2;4;4;1;4;12;6;1;1;2;2;6;3;3;1;3;2;1;2;2;0,68
803;1;3;3;5;1;5;2;7;1;3;5;5;7;3;5;1;1;;1;3;2;1,54
804;2;3;1;4;1;2;19;4;1;1;3;3;8;3;3;2;4;;2;2;3;0,38
805;1;3;4;5;1;9;6;2;1;1;1;2;2;4;2;1;2;1;2;3;1;0,45
806;1;3;4;4;1;9;6;2;1;1;1;2;3;3;2;1;2;1;2;3;1;0,45
807;1;3;4;5;1;9;6;2;1;1;2;2;3;4;1;1;2;1;1;3;1;0,45
808;2;4;4;4;1;5;12;6;1;1;5;5;3;3;3;1;3;1;1;3;1;0,57
809;2;2;2;5;1;7;12;6;1;1;3;3;9;4;4;1;3;2;2;2;4;1,13
810;1;3;4;5;1;9;6;2;1;1;1;2;2;4;3;1;2;1;1;3;1;0,45
811;2;2;5;3;2;4;5;6;1;3;5;5;3;3;2;1;1;;3;2;1;0,18
812;2;1;3;4;1;4;14;6;1;3;5;4;9;2;2;2;5;;2;1;4;1,28
813;1;2;5;3;2;5;5;6;1;1;2;4;10;3;4;1;1;;3;2;;0,19
814;1;2;4;3;2;4;15;5;1;1;2;3;6;2;2;2;4;;3;2;2;0,24
815;1;3;4;5;1;5;10;2;1;1;1;5;5;3;2;1;2;2;2;2;2;2,21
816;1;2;3;6;2;5;5;3;1;1;2;2;3;3;2;1;1;;3;2;1;0,29
817;2;6;4;1;1;7;17;7;1;1;2;4;4;3;3;2;7;2;2;5;1;2,01
818;1;1;2;2;1;4;14;6;1;1;2;2;6;1;2;2;5;;1;1;2;1,47
819;2;2;2;3;1;6;10;7;1;1;5;5;7;3;3;1;2;2;2;2;2;2,64
820;1;3;5;1;1;5;9;3;1;1;3;2;3;3;5;1;2;2;1;2;1;1,11
821;1;3;4;3;1;5;10;1;1;1;2;5;5;3;2;1;2;1;2;2;2;0,55
822;2;2;2;4;2;5;4;7;1;2;2;2;8;5;3;1;1;;3;2;3;1,52
823;2;4;2;5;1;6;11;1;1;1;4;4;6;3;4;1;2;2;2;3;2;0,88
824;1;5;4;4;1;4;18;3;1;1;5;5;7;3;4;2;4;2;2;4;2;1,57
825;1;5;4;1;1;5;10;1;1;1;4;4;5;1;3;1;2;1;2;4;2;1,8
826;1;4;4;6;1;5;5;7;1;2;3;3;6;3;3;1;1;;2;3;2;0,45
827;2;2;1;6;2;1;5;3;1;2;2;5;5;4;2;1;1;;3;2;2;0,66
828;2;2;1;1;2;4;10;1;1;1;1;3;7;1;2;1;2;2;3;2;2;0,38
829;1;1;2;5;1;4;14;6;1;1;4;4;7;3;2;2;5;;1;1;2;0,36
830;2;3;5;3;2;5;5;2;1;1;2;5;6;2;2;1;1;;3;2;2;1,1
831;2;5;4;4;1;5;10;3;1;1;2;2;3;3;4;1;2;2;2;4;1;0,54
832;2;1;1;3;1;4;14;5;1;1;5;4;8;3;2;2;5;;2;1;3;1,4
833;1;5;1;6;2;6;5;2;1;2;3;3;3;4;2;1;1;;3;3;1;0,32
834;2;3;4;4;1;5;18;1;1;1;1;5;2;3;3;2;4;2;2;3;1;0,48
835;1;5;3;2;1;3;10;4;1;3;5;5;6;1;2;1;2;2;2;3;2;2,06
836;2;1;4;1;2;3;5;6;3;3;5;5;4;1;2;1;1;;3;1;1;0,15
837;2;1;1;4;1;2;9;2;5;3;5;5;7;2;2;1;2;2;2;1;2;1,4
838;1;3;5;4;2;5;10;5;1;1;3;4;7;3;3;1;2;2;3;2;2;0,28
839;2;3;4;6;2;5;16;7;1;1;2;5;4;4;3;2;6;;3;3;1;0,16
840;2;3;4;5;1;5;16;6;1;1;5;5;6;3;4;2;6;;2;3;2;1,95
841;2;6;4;2;1;6;16;4;1;1;2;2;3;1;3;2;6;;2;4;1;1,02
842;2;4;1;4;1;6;10;5;1;2;5;5;7;2;2;1;2;1;2;3;2;0,52
843;1;2;1;2;1;4;14;5;1;3;2;2;8;1;2;2;5;;2;2;3;0,43
844;2;1;5;3;1;7;18;4;1;1;5;5;7;2;3;2;4;2;2;1;2;1,8
845;2;1;4;2;1;4;5;6;1;2;1;2;2;3;2;1;1;;2;1;1;0,27
846;2;6;3;4;1;6;16;5;1;2;2;3;3;5;3;2;6;;1;4;1;0,45
847;2;6;4;2;1;5;16;6;1;1;4;4;3;5;4;2;6;;1;4;1;2,01
848;2;4;5;4;2;5;8;1;1;1;5;2;5;5;2;1;2;2;3;3;2;0,32
849;1;5;4;4;1;6;3;2;1;1;2;3;3;3;2;1;1;;2;4;1;1,08
850;1;4;4;3;2;6;10;4;1;2;4;4;7;5;2;1;2;2;3;3;2;0,22
851;2;5;5;2;1;7;10;1;1;1;3;4;3;3;3;1;2;1;2;3;1;0,66
852;1;6;4;6;2;3;17;3;1;1;3;3;3;4;2;2;7;2;3;4;1;0,23
853;2;2;3;4;1;4;10;1;1;1;2;3;7;2;2;1;2;2;2;2;2;0,92
854;2;3;3;3;1;2;18;6;1;1;1;5;5;5;5;2;4;2;2;2;2;0,88
855;1;2;5;1;2;4;14;5;1;1;1;2;7;1;1;2;5;;3;2;2;0,19
856;1;1;2;3;1;3;6;3;1;2;3;3;4;2;2;1;2;2;1;1;1;0,26
857;2;1;5;5;2;1;14;6;1;1;2;2;6;4;2;2;5;;3;2;2;0,6
858;1;6;1;3;1;6;17;2;1;2;4;4;7;5;3;2;7;2;1;4;2;1,65
859;1;1;4;3;1;4;14;5;1;1;5;5;8;3;4;2;5;;2;1;3;0,5
860;1;3;2;3;1;3;5;3;2;2;2;3;3;2;3;1;1;;1;3;1;0,49
861;2;2;3;2;2;3;8;5;1;3;5;5;8;3;2;1;2;2;3;2;3;0,53
862;1;3;2;2;1;3;8;4;3;2;4;3;3;1;3;1;2;2;1;3;1;0,49
863;1;2;1;6;1;5;5;5;1;3;2;5;9;3;4;1;1;;2;2;4;0,5
864;2;6;4;6;2;5;8;6;1;1;1;2;3;4;3;1;2;1;3;4;1;0,67
865;2;2;3;6;2;5;10;4;1;3;1;1;1;4;3;1;2;2;3;2;1;0,27
866;2;1;2;1;1;4;14;5;1;1;1;2;8;1;2;2;5;;2;1;3;0,24
867;2;4;5;5;2;5;9;4;1;3;2;3;3;3;2;1;2;1;3;3;1;0,14
868;2;2;3;5;2;5;6;3;1;1;4;4;8;4;2;1;2;2;3;2;3;0,14
869;1;6;1;1;1;3;17;7;1;3;5;5;8;1;5;2;7;2;2;4;3;0,7
870;2;4;4;6;2;5;6;5;1;1;4;4;4;4;2;1;2;1;3;3;1;0,2
871;2;5;4;3;1;5;17;6;1;1;4;5;3;2;4;2;7;1;1;4;1;2,17
872;2;3;5;4;1;4;10;3;1;2;4;2;6;3;3;1;2;2;2;2;2;1,67
873;2;1;4;3;1;10;14;4;1;2;2;4;3;5;2;2;5;;1;1;1;1,33
874;1;5;2;3;2;5;9;1;1;1;4;4;5;2;3;1;2;1;3;3;2;0,56
875;1;1;1;3;1;4;14;6;1;1;3;3;4;3;3;2;5;;1;1;1;2,67
876;2;2;5;1;1;4;14;7;1;1;5;5;3;1;3;2;5;;2;2;1;2,14
877;2;5;5;1;1;5;16;6;1;1;1;2;6;3;5;2;6;;1;4;2;0,66
878;2;2;5;4;2;5;7;2;1;1;3;3;5;5;2;1;2;1;3;2;2;0,18
879;1;4;4;6;1;5;12;1;1;1;2;3;3;4;3;1;3;2;2;3;1;0,94
880;2;4;4;5;1;5;10;4;1;1;1;1;6;3;4;1;2;1;2;3;2;0,57
881;2;6;2;3;1;5;16;7;1;3;4;4;3;2;4;2;6;;2;4;1;2,9
882;1;4;2;1;1;5;18;6;1;1;1;3;8;1;5;2;4;2;1;3;3;0,54
883;2;4;4;2;1;5;16;3;1;1;1;5;6;1;4;2;6;;1;3;2;1,35
884;2;6;4;1;1;5;17;6;1;3;2;5;5;3;5;2;7;1;2;4;2;2,01
885;2;3;2;1;1;5;10;4;1;1;5;2;6;3;2;1;2;2;2;3;2;1,14
886;2;2;1;3;1;4;12;1;1;1;2;2;7;3;3;1;3;1;2;2;2;1
887;1;3;2;2;1;2;6;4;3;2;2;3;3;1;2;1;2;2;2;3;1;1,22
888;2;2;1;4;1;1;10;2;1;3;5;5;7;3;5;1;2;2;2;2;2;1,97
889;2;3;2;4;1;5;10;4;1;1;5;5;7;3;3;1;2;2;2;2;2;0,49
890;2;3;2;6;2;7;5;7;1;1;4;4;6;3;3;1;1;;3;3;2;0,65
891;2;2;1;1;2;4;10;7;1;2;2;3;6;1;2;1;2;2;3;2;2;0,66
892;1;2;1;4;1;5;10;6;1;2;2;3;4;3;3;1;2;2;2;2;1;2,47
893;2;2;2;1;2;5;18;6;1;1;5;4;6;1;2;2;4;1;3;2;2;0,31
894;1;4;2;5;2;5;10;4;1;1;1;4;8;4;3;1;2;1;3;3;3;0,23
895;2;5;3;6;1;6;16;1;1;1;2;2;7;3;4;2;6;;1;4;2;1,04
896;1;4;1;4;2;5;11;2;1;1;2;2;5;3;4;1;2;1;3;3;2;0,49
897;2;5;1;6;2;5;5;4;1;1;2;3;3;4;2;1;1;;3;3;1;0,78
898;1;3;5;2;1;5;11;6;1;1;3;2;5;1;5;1;2;2;2;3;2;0,79
899;1;2;2;6;1;9;14;4;1;1;1;2;8;4;2;2;5;;2;2;3;2,19
900;1;1;1;4;2;4;9;6;1;3;5;5;10;3;4;1;2;2;3;2;;0,52
901;1;3;1;4;2;4;5;7;1;2;2;3;3;3;2;1;1;;3;3;1;0,3
902;2;2;5;3;1;5;10;6;1;1;5;5;2;3;3;1;2;2;2;2;1;2,14
903;1;2;2;4;2;9;5;5;3;1;1;1;8;3;2;1;1;;3;2;3;0,3
904;2;1;3;4;1;4;14;7;1;1;2;4;8;2;3;2;5;;2;1;3;1,28
905;2;2;3;1;1;2;10;7;5;3;5;5;1;1;2;1;2;2;2;2;1;0,8
906;2;5;5;5;1;5;18;3;1;1;2;3;6;3;2;2;4;1;2;4;2;0,66
907;1;3;2;5;1;5;10;3;1;1;1;1;3;4;3;1;2;2;2;3;1;0,49
908;2;3;4;4;2;4;5;5;1;1;5;5;10;5;5;1;1;;3;2;;0,65
909;2;5;3;6;1;5;8;1;1;2;3;3;3;4;2;1;2;2;2;4;1;0,63
910;1;4;2;3;1;5;10;4;1;1;4;4;5;3;3;1;2;2;2;3;2;0,7
911;1;3;1;2;2;5;10;5;1;3;1;2;7;1;3;1;2;2;3;2;2;0,32
912;2;1;3;6;1;1;14;4;1;3;3;3;7;4;3;2;5;;2;1;2;1,28
913;1;2;1;3;1;4;21;6;1;3;4;4;7;2;3;;;;1;2;2;2,47
914;2;2;1;1;2;4;10;3;1;1;2;3;6;3;3;1;2;1;3;2;2;0,33
915;2;3;4;1;1;5;16;2;1;1;1;2;8;1;2;2;6;;2;2;3;1,95
916;2;6;2;3;1;3;5;6;4;3;3;5;6;5;3;1;1;;2;4;2;1,01
917;2;1;3;2;2;2;8;3;1;3;5;5;8;1;2;1;2;2;3;1;3;0,09
918;2;1;5;6;1;1;14;2;1;1;2;2;3;4;3;2;5;;2;1;1;0,37
919;1;4;2;5;1;5;10;3;1;1;1;2;4;4;3;1;2;2;2;3;1;0,66
920;2;4;4;3;1;9;16;6;1;3;5;5;3;3;3;2;6;;1;3;1;2,32
921;1;1;5;3;1;4;14;4;1;3;5;5;7;2;3;2;5;;2;1;2;0,53
922;1;6;2;5;1;3;17;4;1;1;1;1;6;4;5;2;7;2;1;4;2;0,51
923;2;3;4;1;1;5;10;6;1;1;5;4;7;1;4;1;2;1;2;3;2;1,95
924;2;1;3;1;1;4;14;6;1;2;2;2;8;1;3;2;5;;1;1;3;1,28
925;2;5;4;6;1;5;10;4;1;1;1;1;3;4;4;1;2;2;2;4;1;0,54
926;2;1;4;4;1;4;14;4;1;1;2;2;8;5;3;2;5;;2;2;3;0,22
927;2;6;1;1;1;6;16;6;1;1;1;4;6;1;3;2;6;;2;4;2;0,59
928;1;3;1;6;2;5;10;2;1;2;3;3;7;3;3;1;2;2;3;2;2;0,71
929;1;1;1;6;2;4;14;5;1;1;1;5;7;4;1;2;5;;3;1;2;0,23
930;2;3;4;3;1;5;18;1;1;1;2;2;6;3;3;2;4;2;2;2;2;0,48
931;2;2;4;4;1;4;16;6;1;1;1;2;6;2;2;2;6;;2;2;2;1,83
932;2;4;2;5;1;5;10;2;1;1;4;4;4;3;2;1;2;2;2;3;1;1,47
933;1;1;4;4;1;4;14;4;1;1;2;2;7;3;3;2;5;;2;1;2;0,5
934;1;4;1;6;2;6;10;6;1;2;4;4;8;4;2;1;2;2;3;3;3;0,49
935;2;1;4;2;1;4;10;1;1;1;1;4;3;3;2;1;2;2;2;1;1;0,27
936;2;6;3;3;1;10;17;5;1;1;2;3;7;2;3;2;7;1;2;4;2;0,71
937;1;1;3;3;1;4;14;4;1;1;3;4;8;2;2;2;5;;2;1;3;1,32
938;1;4;5;1;2;2;17;2;1;1;2;2;5;5;3;2;7;2;3;3;2;0,6
939;2;1;2;1;1;4;20;6;1;1;5;5;10;1;3;2;4;;2;2;;0,59
940;2;4;3;2;1;6;18;5;1;1;3;4;8;1;2;2;4;2;1;3;3;0,73
941;2;4;4;4;2;6;16;6;1;1;2;3;3;3;4;2;6;;3;3;1;0,19
942;2;6;1;5;1;6;18;1;1;2;1;5;7;3;3;2;4;2;1;1;2;1,39
943;2;1;1;1;1;4;14;5;1;2;4;3;8;1;2;2;5;;2;1;3;0,23
944;2;2;4;2;1;4;10;6;1;1;3;2;8;1;5;1;2;1;2;2;3;1,83
945;2;1;1;2;1;4;14;7;1;1;2;5;7;3;2;2;5;;1;1;2;1,4
946;1;1;4;4;1;4;14;4;1;1;2;2;5;3;3;2;5;;2;1;2;0,47
947;2;4;1;6;1;5;10;1;1;1;5;5;6;3;2;1;2;2;2;3;2;1,16
948;1;1;3;6;1;4;14;5;1;1;1;3;9;4;2;2;5;;2;1;4;0,83
949;2;2;3;6;2;9;10;5;1;1;5;5;7;3;3;1;2;2;3;2;2;0,53
950;1;6;3;4;1;3;17;1;1;1;1;2;6;3;3;2;7;2;1;4;2;1,58
951;1;6;1;2;2;6;10;1;1;2;4;4;3;3;2;1;2;2;3;4;1;0,55
952;2;6;2;3;1;6;16;4;1;3;1;1;7;2;2;2;6;;1;4;2;0,76
953;2;6;1;6;1;3;17;5;1;1;1;2;8;3;2;2;7;1;2;4;3;0,63
954;1;2;2;2;1;2;6;4;1;2;2;3;2;1;2;1;2;2;2;2;1;1,11
955;2;6;4;3;1;6;17;2;1;1;1;1;6;3;3;2;7;1;1;5;2;2,01
956;2;1;1;1;2;5;5;5;5;3;5;5;9;5;3;1;1;;3;1;4;0,47
957;1;3;3;4;1;4;11;6;1;1;2;4;8;2;4;1;2;2;2;3;3;2,65
958;2;5;1;2;1;5;17;4;1;1;1;3;7;1;3;2;7;1;1;4;2;0,58
959;2;2;1;1;1;5;12;6;2;1;2;2;7;1;3;1;3;2;2;2;2;1,97
960;2;1;1;2;1;4;14;5;1;3;2;3;7;1;3;2;5;;2;1;2;1,4
961;2;5;1;2;1;3;5;5;1;3;5;5;10;1;4;1;1;;2;3;;0,97
962;2;2;4;2;1;4;16;7;1;1;3;3;10;3;3;2;6;;1;2;;1,06
963;1;2;3;3;2;6;10;4;1;1;1;2;6;2;2;1;2;2;3;2;2;0,29
964;1;2;5;6;2;6;10;4;1;1;2;3;6;4;2;1;2;1;3;2;2;0,19
965;1;3;1;4;1;2;10;5;1;1;2;2;7;3;3;1;2;2;2;2;2;0,97
966;2;4;4;3;1;6;16;2;1;1;4;4;3;3;3;2;6;;2;3;1;1,35
967;1;1;2;3;1;3;7;3;1;2;2;3;6;2;3;1;2;2;2;1;2;0,3
968;2;3;2;3;2;2;8;6;1;3;5;5;6;2;3;1;2;2;3;3;2;0,65
969;2;6;1;1;1;5;17;6;1;2;4;4;8;1;2;2;7;2;1;4;3;2,39
970;1;3;2;5;1;5;10;3;1;1;1;1;3;4;3;1;2;2;2;2;1;0,6
971;2;1;1;2;1;2;9;3;1;2;2;4;3;1;3;1;2;2;2;1;1;0,29
972;2;4;1;1;2;6;3;1;1;3;4;4;7;1;2;1;1;;3;3;2;0,39
973;1;1;3;2;1;4;14;1;1;1;4;4;4;1;4;2;5;;2;1;1;2,91
974;1;1;4;4;1;4;20;6;1;1;5;3;6;3;4;2;4;;2;2;2;1,9
975;1;1;5;6;1;1;14;6;1;2;2;4;6;4;2;2;5;;2;1;2;2,13
976;1;4;4;4;1;5;10;4;1;1;2;3;5;2;3;1;2;2;2;3;2;0,71
977;2;2;3;3;1;5;10;7;1;2;3;4;5;5;2;1;2;1;1;2;2;0,92
978;2;6;1;1;2;6;20;4;1;2;4;4;7;1;3;2;4;;3;4;2;0,21
979;2;6;4;2;1;6;17;4;1;1;5;3;3;3;3;2;7;2;2;4;1;0,53
980;2;1;5;6;1;4;10;6;1;1;3;4;6;4;2;1;2;2;2;1;2;1,8
981;2;3;1;6;2;2;10;7;1;3;5;4;5;3;3;1;2;2;3;3;2;0,77
982;2;3;2;5;1;7;10;6;1;3;2;3;7;3;4;1;2;2;2;3;2;1,96
983;2;5;1;2;1;5;10;6;1;1;3;3;5;1;2;1;2;2;1;4;2;2,34
984;2;1;4;2;1;2;13;7;4;3;5;5;10;1;3;1;1;;2;1;;0,27
985;1;1;5;2;1;1;14;5;1;2;4;4;7;5;2;2;5;;2;1;2;0,56
986;1;4;1;4;2;5;10;4;1;1;2;2;3;3;2;1;2;2;3;3;1;0,14
987;1;1;3;2;2;6;3;4;1;1;3;4;4;1;2;1;1;;3;1;1;0,44
988;2;3;1;6;2;5;7;5;1;1;2;5;7;4;2;1;2;1;3;2;2;0,32
989;1;4;3;6;1;2;9;4;1;1;2;2;4;3;2;1;2;2;2;3;1;0,79
990;1;1;2;3;1;4;14;4;1;2;3;2;8;3;2;2;5;;2;1;3;0,38
991;2;2;4;1;2;1;15;7;1;1;1;2;8;1;2;2;4;;3;2;3;0,25
992;2;1;4;2;1;4;14;5;1;1;2;2;7;3;1;2;5;;2;1;2;1,33
993;2;1;1;6;2;9;10;6;1;1;2;3;7;4;3;1;2;2;3;1;2;0,12
994;1;4;2;3;1;3;6;4;1;2;1;4;2;5;2;1;2;2;1;3;1;0,54
995;1;2;1;2;2;8;11;2;1;1;3;4;7;1;3;1;2;1;3;2;2;0,48
996;1;6;3;4;2;9;5;6;1;2;3;3;8;3;3;1;1;;3;4;3;0,91
997;1;6;1;1;1;5;17;6;1;2;4;4;8;1;2;2;7;2;1;5;3;2,84
998;1;2;2;4;2;5;10;1;1;2;3;3;6;3;2;1;2;1;3;2;2;0,42
999;2;2;3;4;1;5;16;6;2;3;5;5;9;3;4;2;6;;2;2;4;1,59
1000;2;1;1;3;1;4;3;7;1;3;4;3;6;3;4;1;1;;1;1;2;1,4
1001;1;2;2;3;2;9;1;6;1;2;4;4;7;2;1;1;1;;3;2;2;0,73
1002;1;6;3;3;1;6;17;4;1;1;1;1;7;2;3;2;7;2;2;4;2;0,71
1003;2;3;3;6;1;5;10;2;1;1;1;3;7;4;3;1;2;1;2;3;2;1,23
1004;1;1;1;2;1;4;12;1;1;3;4;4;7;1;4;1;3;2;2;1;2;0,55
1005;2;6;3;6;2;5;16;4;1;1;2;4;5;4;2;2;6;;3;4;2;0,24
1006;1;2;2;1;2;4;14;2;1;2;4;4;8;1;2;2;5;;3;2;3;0,19
1007;2;5;4;3;1;5;10;4;1;1;2;2;3;3;3;1;2;1;2;4;1;1,26
1008;1;1;3;4;1;1;1;6;1;1;2;4;6;3;2;1;1;;2;1;2;2,91
1009;2;2;1;6;2;7;10;5;1;1;2;3;7;4;2;1;2;2;3;2;2;0,11
1010;2;2;5;4;1;5;11;2;1;1;1;2;5;3;2;1;2;2;2;2;2;0,75
1011;1;5;4;4;1;5;1;1;1;2;3;3;6;3;2;1;1;;2;4;2;1,08
1012;2;4;5;2;2;4;9;4;1;1;4;4;5;5;2;1;2;1;3;3;2;0,14
1013;1;5;1;3;2;6;17;4;1;2;2;3;8;2;2;2;7;2;3;4;3;0,32
1014;1;1;2;3;1;1;10;4;1;3;2;2;8;2;2;1;2;2;2;2;3;0,3
1015;2;3;1;3;2;5;11;6;1;1;5;4;9;3;3;1;2;1;3;2;4;0,77
1016;1;4;2;3;1;5;10;2;1;1;2;4;3;3;3;1;2;1;2;3;1;2,67
1017;1;1;4;3;1;4;14;6;1;2;3;4;8;2;2;2;5;;2;1;3;0,31
1018;2;1;4;2;1;7;5;7;1;2;2;5;9;3;2;1;1;;1;2;4;1,33
1019;2;1;2;3;1;4;14;6;1;1;1;1;7;3;1;2;5;;2;1;2;1,42
1020;2;2;2;4;2;4;11;7;1;1;1;3;7;3;4;1;2;2;3;2;2;1,52
1021;1;1;2;2;1;4;14;2;1;1;2;2;3;3;2;2;5;;2;1;1;1,47
1022;1;3;2;4;1;4;7;2;1;2;2;3;3;3;3;1;2;2;2;3;1;1,22
1023;2;5;3;6;2;7;9;2;1;1;4;4;7;3;2;1;2;2;3;4;2;0,6
1024;1;2;4;4;1;4;18;4;1;1;1;3;6;5;4;2;4;2;2;2;2;0,68
1025;1;5;4;5;2;5;11;5;1;1;1;1;5;4;2;1;2;1;3;4;2;0,27
1026;2;2;4;3;2;6;7;7;1;1;5;5;6;5;2;1;2;2;3;2;2;0,61
1027;1;6;2;5;1;5;17;4;1;1;4;4;7;3;2;2;7;2;2;4;2;0,82
1028;2;2;3;4;1;6;9;2;1;1;1;4;7;2;2;1;2;2;1;2;2;0,92
1029;1;5;4;5;1;5;1;4;1;1;1;1;3;4;2;1;1;;2;4;1;0,77
1030;1;2;1;2;1;6;10;7;1;1;4;4;4;3;2;1;2;2;2;2;1;2,47
1031;2;3;5;3;1;5;16;7;1;3;5;5;5;2;3;2;6;;1;3;2;0,67
1032;1;2;4;3;2;4;1;6;1;2;3;3;3;3;2;1;1;;3;2;1;0,23
1033;1;3;2;3;2;3;5;3;1;2;1;2;4;2;2;1;1;;3;2;1;0,33
1034;2;5;2;5;1;6;4;3;3;1;1;2;10;3;5;1;1;;2;4;;0,62
1035;2;5;2;3;1;5;12;6;1;1;4;4;7;3;2;1;3;2;1;4;2;2,51
1036;1;2;3;1;2;6;1;4;1;2;1;3;8;1;2;1;1;;3;2;3;0,3
1037;2;4;1;1;1;5;11;6;1;1;4;4;7;1;2;1;2;1;2;3;2;0,5
1038;2;2;4;3;2;6;10;1;1;1;2;3;6;3;3;1;2;2;3;2;2;0,35
1039;2;3;5;6;1;7;5;7;1;1;1;2;6;4;3;1;1;;2;3;2;0,87
1040;2;6;3;4;1;5;16;4;1;3;1;5;5;5;2;2;6;;2;5;2;0,71
1041;1;6;4;4;1;6;17;6;1;2;4;4;5;3;3;2;7;2;1;5;2;0,72
1042;2;6;4;4;1;6;17;6;1;1;1;1;5;3;3;2;7;2;1;4;2;2,01
1043;1;2;4;6;2;4;10;4;1;1;2;3;1;4;2;1;2;2;3;2;1;0,24
1044;1;4;4;3;1;4;10;5;1;2;1;3;6;5;2;1;2;1;2;3;2;0,71
1045;2;6;1;6;1;5;16;6;1;3;2;5;1;4;2;2;6;;1;4;1;2,39
1046;2;6;2;4;1;5;5;3;1;2;2;4;3;5;3;1;1;;2;4;1;0,59
1047;2;1;2;3;1;4;14;6;1;1;5;5;8;3;2;2;5;;2;1;3;0,83
1048;2;2;1;3;2;1;10;6;1;1;4;4;10;3;3;1;2;2;3;2;;0,66
1049;2;5;1;3;1;3;10;5;1;1;2;3;7;3;3;1;2;1;2;4;2;0,41
1050;2;5;5;6;1;5;16;2;1;1;1;2;6;4;2;2;6;;2;4;2;0,66
1051;2;1;3;6;1;1;14;6;1;1;2;5;3;4;3;2;5;;2;1;1;1,28
1052;2;6;1;6;2;6;5;5;1;1;1;5;8;3;3;1;1;;3;4;3;0,21
1053;1;1;4;4;1;4;14;3;1;1;2;4;6;2;2;2;5;;2;1;2;1,9
1054;1;6;5;6;1;8;1;3;1;1;1;1;5;4;2;1;1;;2;4;2;0,6
1055;1;2;2;2;1;3;8;3;1;2;1;3;4;1;2;1;2;2;2;2;1;0,76
1056;1;2;2;3;1;3;4;3;1;2;2;3;5;2;3;1;1;;2;2;2;0,45
1057;2;6;4;6;1;7;17;4;1;1;1;1;3;3;3;2;7;2;2;4;1;0,53
1058;1;4;2;3;1;3;9;4;1;2;1;4;5;2;3;1;2;2;1;3;2;0,66
1059;2;2;5;6;2;1;5;5;1;1;1;3;8;4;5;1;1;;3;2;3;0,71
1060;2;2;4;4;2;4;14;6;1;1;1;2;6;3;2;2;5;;3;5;2;0,61
1061;1;1;2;2;1;3;6;2;4;2;3;4;4;5;3;1;2;2;2;1;1;0,3
1062;2;4;2;3;1;6;10;2;1;1;1;1;7;5;1;1;2;1;2;5;2;1,47
1063;2;6;1;4;2;6;17;4;1;1;3;3;1;3;2;2;7;1;3;4;1;0,2
1064;2;4;4;6;1;5;7;1;1;1;3;2;4;4;1;1;2;1;2;3;1;0,57
1065;2;4;1;6;1;2;11;5;1;2;4;4;8;4;2;1;2;2;2;3;3;0,52
1066;2;5;5;2;1;5;16;2;1;1;1;1;5;1;4;2;6;;1;4;2;0,93
1067;2;2;3;6;1;4;14;6;1;1;1;3;9;4;3;2;5;;2;2;4;1,59
1068;2;6;4;3;2;5;10;4;1;1;2;2;5;3;2;1;2;2;3;4;2;0,18
1069;2;6;2;3;1;5;4;1;1;2;3;3;2;3;2;1;1;;2;4;1;0,5
1070;2;4;1;6;2;6;5;3;1;1;3;3;9;3;2;1;1;;3;3;4;0,39
1071;2;4;1;4;1;6;10;1;1;1;2;3;6;3;3;1;2;2;1;3;2;1,16
1072;1;6;2;3;1;3;17;2;1;1;1;1;7;3;3;2;7;2;2;4;2;1,57
1073;1;3;2;3;1;5;12;7;1;3;5;5;1;3;3;1;3;2;2;3;1;2,42
1074;1;2;1;1;2;1;11;5;1;1;2;3;8;1;2;1;2;2;3;2;3;0,22
1075;1;3;2;2;1;5;10;2;1;1;2;2;4;3;3;1;2;1;2;3;1;0,6
1076;1;2;3;6;2;6;9;4;3;2;3;4;7;4;4;1;2;2;3;2;2;0,19
1077;1;1;4;2;1;8;14;6;2;1;2;2;8;3;3;2;5;;1;1;3;1,9
1078;2;4;2;5;2;5;7;5;1;1;1;1;6;3;2;1;2;2;3;3;2;0,22
1079;1;6;1;4;1;5;17;5;1;1;1;2;8;3;2;2;7;2;2;4;3;0,47
1080;2;1;4;4;1;7;14;5;1;1;1;3;3;3;2;2;5;;2;1;1;1,33
1081;1;1;4;3;1;4;14;5;1;1;1;1;7;3;3;2;5;;2;1;2;0,47
1082;1;1;2;2;1;3;7;2;1;2;2;2;4;1;3;1;2;2;2;1;1;0,36
1083;1;4;2;3;2;3;7;5;1;2;2;3;3;2;3;1;2;2;3;3;1;0,18
1084;2;2;2;4;2;5;10;2;1;1;1;2;5;3;2;1;2;2;3;2;2;0,77
1085;2;5;1;3;2;6;5;4;1;1;1;1;3;2;2;1;1;;3;4;1;0,2
1086;2;3;1;1;1;4;12;6;1;3;5;5;5;1;3;1;3;2;1;3;2;2,33
1087;2;4;2;3;1;2;11;2;1;1;2;2;6;2;2;1;2;2;1;3;2;1,47
1088;1;6;4;2;1;5;17;3;1;1;4;4;6;3;2;2;7;1;1;4;2;0,68
1089;2;1;2;6;1;7;14;4;1;1;4;5;8;4;2;2;5;;2;1;3;1,42
1090;1;1;4;6;1;4;14;6;1;3;3;3;8;3;2;2;5;;2;1;3;0,5
1091;2;3;2;2;1;2;12;6;1;1;5;5;6;1;3;1;3;2;2;3;2;1,96
1092;1;1;2;1;1;4;14;4;1;1;2;3;5;1;2;2;5;;2;1;2;1,47
1093;2;3;3;4;1;5;16;2;1;2;2;4;7;2;2;2;6;;2;2;2;3,55
1094;2;5;4;5;1;5;16;6;1;1;2;2;5;4;2;2;6;;2;4;2;2,17
1095;2;1;1;4;1;4;10;5;1;1;1;1;10;5;3;1;2;1;2;1;;1,4
1096;2;5;4;3;1;5;10;4;1;1;2;2;6;3;1;1;2;1;2;4;2;0,44
1097;2;5;3;3;1;3;10;5;1;3;2;3;7;5;3;1;2;1;2;4;2;0,31
1098;1;1;4;2;1;4;12;6;1;1;1;4;6;3;3;1;3;2;1;1;2;1,9
1099;1;4;1;6;1;5;10;1;1;3;3;5;7;3;3;1;2;2;2;3;2;1,29
1100;1;4;4;3;1;5;5;3;1;1;2;2;6;3;2;1;1;;2;3;2;1,37
1101;2;1;4;1;1;4;14;5;1;1;2;2;7;3;3;2;5;;2;1;2;0,22
1102;1;2;4;6;2;4;11;4;1;1;4;4;7;4;1;1;2;1;3;2;2;0,24
1103;1;1;3;4;1;8;14;1;1;2;2;5;10;5;5;2;5;;2;1;;0,83
1104;1;1;5;3;2;5;14;5;1;1;2;2;8;3;2;2;5;;3;1;3;0,29
1105;1;2;5;6;2;1;20;6;1;1;1;2;9;4;1;2;4;;3;2;4;0,73
1106;1;5;4;4;1;3;10;4;1;1;1;4;7;3;4;1;2;1;2;4;2;0,81
1107;2;5;4;4;1;6;18;3;1;1;3;2;6;2;5;2;4;2;2;3;2;0,89
1108;1;1;1;3;1;4;4;6;5;2;3;3;5;5;3;1;1;;1;1;2;0,55
1109;1;1;1;4;1;6;5;6;3;2;3;4;8;2;4;1;1;;2;1;3;0,55
1110;1;1;2;3;1;4;14;4;1;2;2;3;8;2;2;2;5;;2;1;3;1,47
1111;2;2;2;2;2;1;14;7;1;3;5;5;10;5;4;2;5;;3;2;;1,52
1112;2;6;4;6;1;7;17;5;1;1;3;4;4;4;5;2;7;2;2;4;1;2,01
1113;2;5;3;1;1;6;10;6;1;1;2;3;6;1;3;1;2;1;2;4;2;1,8
1114;1;3;1;1;1;6;10;6;1;3;5;5;10;5;2;1;2;2;2;2;;0,91
1115;1;2;1;6;1;6;5;1;1;3;3;3;5;4;2;1;1;;2;2;2;0,61
1116;1;2;5;1;1;4;10;6;1;1;1;3;7;1;2;1;2;1;2;2;2;0,54
1117;2;5;4;4;1;6;2;5;1;1;1;2;6;3;4;1;1;;2;3;2;0,54
1118;1;1;4;1;2;4;14;4;1;1;1;3;5;1;2;2;5;;3;1;2;0,16
1119;1;2;1;5;2;6;9;4;1;1;2;4;5;4;1;1;2;2;3;2;2;0,22
1120;2;2;1;3;1;5;10;1;1;1;2;2;5;2;2;1;2;1;2;2;2;0,69
1121;1;3;3;4;1;4;10;5;1;2;1;3;8;3;3;1;2;2;2;3;3;0,69
1122;1;3;3;3;2;5;11;1;1;1;2;1;6;5;3;1;2;1;3;3;2;0,51
1123;2;2;2;5;2;6;9;5;1;1;2;3;8;4;2;1;2;1;3;2;3;0,26
1124;2;1;4;1;1;10;14;1;1;3;5;5;1;3;2;2;5;;1;1;1;0,33
1125;1;1;1;4;1;7;14;4;1;1;2;3;6;3;1;2;5;;2;1;2;0,44
1126;1;2;1;6;1;4;12;2;1;2;4;4;7;3;4;1;3;2;1;2;2;2,47
1127;2;6;4;3;2;5;17;2;1;1;4;4;3;5;3;2;7;1;3;4;1;0,39
1128;2;3;3;2;1;5;3;2;1;1;2;4;5;3;2;1;1;;2;2;2;2,06
1129;2;1;2;6;1;1;14;6;1;1;2;2;3;3;4;2;5;;2;1;1;1,42
1130;2;2;1;4;2;5;10;2;1;1;2;2;5;2;3;1;2;1;3;2;2;0,33
1131;2;3;3;6;1;5;10;2;1;1;4;4;3;3;3;1;2;2;2;3;1;2,06
1132;2;6;2;4;1;6;16;2;1;1;2;3;6;2;3;2;6;;2;4;2;1,01
1133;2;4;1;3;1;5;10;6;1;1;1;1;5;3;2;1;2;2;2;3;2;0,41
1134;2;5;3;3;1;6;17;5;1;1;2;5;3;5;2;2;7;1;2;4;1;0,45
1135;1;6;2;6;2;3;17;5;1;1;1;2;7;3;2;2;7;1;3;4;2;0,27
1136;1;6;3;6;1;5;5;5;1;1;1;3;5;4;4;1;1;;2;5;2;0,71
1137;1;3;3;3;1;5;11;2;1;2;4;4;8;3;3;1;2;1;2;2;3;0,92
1138;1;4;5;6;2;6;1;2;1;1;2;2;5;4;2;1;1;;3;3;2;0,21
1139;2;6;5;6;1;6;16;3;1;1;2;2;4;3;2;2;6;;2;4;1;0,76
1140;2;6;1;4;1;6;17;6;1;1;1;2;6;3;2;2;7;2;2;5;2;2,39
1141;2;4;1;6;1;6;10;5;1;1;2;2;8;3;4;1;2;2;2;3;3;0,5
1142;2;1;2;6;1;4;14;6;1;2;2;3;7;4;2;2;5;;2;1;2;1,42
1143;2;2;3;1;2;6;14;5;1;1;1;2;5;1;3;2;5;;3;2;2;0,13
1144;2;4;2;6;1;5;18;4;1;2;1;2;8;3;3;2;4;2;1;3;3;0,67
1145;1;6;5;1;1;5;8;6;1;1;2;2;3;3;5;1;2;1;2;5;1;0,6
1146;2;1;4;1;1;10;14;7;1;1;2;5;6;3;1;2;5;;2;1;2;1,33
1147;2;6;4;6;1;5;16;1;1;1;2;2;5;4;2;2;6;;1;4;2;1,17
1148;2;1;4;4;1;8;14;7;1;1;5;5;7;3;4;2;5;;2;1;2;0,46
1149;2;5;4;5;1;7;20;6;1;3;5;5;7;3;4;2;4;;1;4;2;2,17
1150;1;3;3;6;2;6;10;2;1;2;2;3;3;3;2;1;2;2;3;2;1;0,23
1151;1;3;2;3;2;3;4;3;1;2;2;2;2;2;2;1;1;;3;2;1;0,16
1152;2;4;5;4;1;5;16;6;1;1;1;3;6;2;4;2;6;;2;3;2;1,66
1153;1;3;5;5;1;2;10;3;1;1;4;4;6;4;3;1;2;2;1;3;2;3,19
1154;1;3;2;2;1;3;5;4;1;2;1;3;7;1;3;1;1;;2;2;2;1
1155;1;4;2;2;2;5;9;2;1;2;4;2;3;5;2;1;2;2;3;3;1;0,31
1156;1;2;1;3;2;6;10;2;1;1;3;2;7;2;1;1;2;2;3;2;2;0,42
1157;2;2;3;6;2;9;11;6;1;1;2;3;4;4;3;1;2;2;3;2;1;0,53
1158;2;4;2;5;1;7;11;6;1;1;2;2;7;4;2;1;2;1;2;3;2;1,47
1159;1;3;4;3;1;4;20;6;1;1;2;4;6;3;3;2;4;;2;2;2;2,21
1160;2;4;1;6;2;6;9;7;1;1;1;2;7;4;2;1;2;2;3;3;2;0,67
1161;2;4;2;1;1;5;20;4;1;1;1;3;6;3;3;2;4;;1;3;2;0,63
1162;2;1;5;3;1;4;14;5;1;1;2;5;8;5;2;2;5;;2;1;3;0,47
1163;2;3;1;3;1;5;16;1;1;1;2;3;7;5;2;2;6;;1;3;2;1,35
1164;2;3;2;4;2;4;5;6;1;1;3;2;8;3;2;1;1;;3;3;3;0,65
1165;1;5;2;2;2;5;17;2;1;1;3;4;6;5;2;2;7;1;3;4;2;0,34
1166;1;1;2;5;1;4;14;6;1;1;3;4;3;4;2;2;5;;2;1;1;0,74
1167;1;4;2;2;1;2;10;5;1;1;1;4;9;1;5;1;2;1;2;3;4;0,44
1168;2;5;5;1;2;5;16;6;1;1;1;1;8;3;4;2;6;;3;4;3;0,89
1169;2;2;3;3;2;4;11;5;1;3;2;4;5;2;4;1;2;1;3;2;2;0,53
1170;1;2;4;4;1;4;14;3;1;3;5;5;10;5;2;2;5;;2;2;;2,74
1171;2;3;4;1;1;5;16;6;1;2;1;3;4;3;2;2;6;;2;2;1;1,95
1172;2;3;1;3;2;5;2;2;1;2;4;4;8;2;2;1;1;;3;2;3;0,45
1173;1;6;1;2;1;6;17;7;1;1;5;5;3;3;2;2;7;2;1;4;1;2,84
1174;1;3;5;5;2;2;10;5;1;1;1;3;7;3;3;1;2;2;3;2;2;0,19
1175;2;1;1;3;2;4;14;6;1;1;3;3;8;3;2;2;5;;3;1;3;0,47
1176;1;2;5;6;2;4;11;4;1;1;5;5;6;3;1;1;2;1;3;2;2;0,19
1177;1;2;5;6;2;4;11;5;1;1;5;2;5;4;1;1;2;1;3;2;2;0,73
1178;1;2;3;6;2;4;14;5;1;1;1;1;7;3;3;2;5;;3;2;2;1,15
1179;1;2;1;6;1;5;10;7;1;1;5;5;10;3;2;1;2;2;2;2;;0,61
1180;2;6;1;6;1;6;17;3;1;2;3;3;6;4;2;2;7;2;1;4;2;2,39
1181;1;1;2;3;1;4;14;2;1;2;3;3;8;2;2;2;5;;2;1;3;0,74
1182;2;2;2;3;2;1;10;1;1;1;2;3;8;2;2;1;2;2;3;2;3;0,88
1183;2;2;1;3;1;1;10;6;1;2;2;3;7;3;3;1;2;2;2;2;2;1,97
1184;1;1;4;2;1;5;4;2;1;1;2;1;5;3;2;1;1;;2;1;2;1,9
1185;1;2;3;6;1;6;11;1;1;2;4;4;3;3;4;1;2;2;2;2;1;0,71
1186;1;5;4;2;2;6;5;6;1;1;2;2;3;3;2;1;1;;3;3;1;0,26
1187;2;3;1;3;1;5;12;7;1;1;2;3;5;3;3;1;3;2;1;2;2;0,58
1188;1;3;1;4;1;5;9;3;1;2;4;3;3;5;2;1;2;1;2;3;1;0,61
1189;2;4;2;4;2;5;8;4;1;1;2;2;3;3;2;1;2;1;3;3;1;0,85
1190;2;2;1;6;1;5;18;3;1;1;3;1;6;4;4;2;4;1;2;2;2;1,97
1191;2;5;1;6;2;3;7;7;1;3;4;4;7;4;2;1;2;1;3;4;2;0,45
1192;1;2;2;6;2;4;5;4;1;1;1;1;8;4;2;1;1;;3;2;3;0,18
1193;2;4;4;3;2;5;16;7;1;2;2;3;4;2;2;2;6;;3;3;1;0,19
1194;1;2;1;3;2;6;10;4;1;2;3;4;8;5;2;1;2;2;3;2;3;0,22
1195;2;3;5;4;1;5;5;2;1;1;3;3;7;2;2;1;1;;2;2;2;1,92
1196;1;2;3;6;2;9;18;5;1;1;1;3;8;3;2;2;4;2;3;2;3;0,19
1197;2;4;5;4;1;6;2;3;1;1;1;3;3;3;3;1;1;;2;3;1;0,41
1198;1;2;4;6;2;5;1;3;1;1;1;1;1;4;1;1;1;;3;2;1;0,23
1199;2;2;3;2;1;4;14;5;1;1;2;5;8;1;4;2;5;;2;2;3;1,59
1200;1;6;2;6;1;3;17;2;1;2;4;4;8;3;2;2;7;2;1;4;3;1,8
1201;1;2;4;6;1;5;4;4;1;1;1;1;3;3;3;1;1;;1;2;1;1,13
1202;2;2;1;6;2;1;11;5;1;1;2;3;6;4;2;1;2;1;3;2;2;0,17
1203;2;3;4;6;2;5;4;5;1;1;3;3;6;4;3;1;1;;3;3;2;0,16
1204;2;2;4;2;1;4;14;5;1;1;2;3;6;3;2;2;5;;2;2;2;1,83
1205;2;1;4;1;1;4;14;7;1;1;5;5;10;5;3;2;5;;2;1;;1,33
1206;2;2;1;2;1;1;14;4;1;1;1;2;3;3;3;2;5;;2;2;1;0,49
1207;2;1;1;3;1;1;14;4;1;1;1;2;4;2;3;2;5;;2;1;1;0,29
1208;2;2;1;3;1;6;20;7;1;1;5;5;7;5;2;2;4;;2;2;2;1,97
1209;2;4;4;1;1;4;20;1;1;1;5;5;3;3;3;2;4;;1;3;1;2,32
1210;1;1;1;4;1;6;11;1;1;1;1;3;6;5;2;1;2;1;2;2;2;1,55
1211;1;5;3;6;1;5;9;4;1;1;2;1;5;4;2;1;2;1;2;3;2;0,54
1212;2;1;4;3;2;9;14;6;1;1;2;2;3;5;2;2;5;;3;2;1;0,44
1213;1;5;5;2;1;6;1;2;1;2;4;4;6;5;2;1;1;;2;4;2;2,13
1214;1;2;2;4;2;6;20;2;1;1;1;3;7;5;2;2;4;;3;2;2;0,25
1215;2;2;1;4;2;6;10;2;1;1;4;4;6;3;3;1;2;2;3;2;2;0,66
1216;2;5;1;6;2;5;6;5;1;2;4;4;5;4;2;1;2;2;3;4;2;0,2
1217;1;3;2;3;2;2;4;1;1;2;4;4;6;2;2;1;1;;3;2;2;0,47
1218;1;3;2;3;2;4;7;5;1;1;1;2;3;3;2;1;2;1;3;2;1;0,21
1219;1;4;1;6;1;8;5;1;1;1;1;1;4;5;3;1;1;;2;3;1;2,54
1220;1;2;5;1;1;1;15;7;1;2;2;4;5;3;3;2;4;;2;2;2;2,2
1221;2;1;1;6;1;9;14;3;1;1;5;5;8;4;3;2;5;;2;2;3;1,4
1222;1;1;5;2;1;4;21;7;1;1;1;1;2;1;2;;;;2;1;1;1,08
1223;1;1;5;3;1;4;21;7;1;3;5;5;1;3;2;;;;1;1;1;0,74
1224;2;4;1;4;1;5;9;7;1;1;4;4;7;3;1;1;2;2;2;3;2;2
1225;1;2;1;6;1;1;14;2;2;2;2;2;5;4;3;2;5;;2;2;2;2,47
1226;1;2;5;2;1;10;21;7;1;1;3;4;6;5;2;;;;2;2;2;2,2
1227;1;1;5;2;1;4;21;3;1;3;2;5;6;3;2;;;;1;1;2;0,56
1228;1;2;2;1;2;6;7;5;1;1;1;1;6;5;2;1;2;1;3;2;2;0,12
1229;1;2;2;3;2;1;10;6;1;2;4;3;7;5;3;1;2;2;3;2;2;0,73
1230;1;2;4;5;1;3;10;6;1;3;5;5;5;4;2;1;2;1;1;2;2;2,74
1231;1;2;4;6;1;4;14;4;1;1;1;2;8;3;2;2;5;;2;2;3;0,45
1232;1;2;2;3;2;4;12;3;1;1;1;3;7;2;3;1;3;2;3;2;2;0,73
1233;1;3;4;2;2;5;6;2;1;1;1;2;3;3;3;1;2;2;3;2;1;0,37
1234;2;3;1;2;1;5;18;6;1;1;1;4;6;3;4;2;4;2;1;3;2;2,33
1235;1;3;1;4;1;5;10;2;1;1;3;3;3;3;2;1;2;2;2;3;1;1,86
1236;2;4;1;1;1;7;11;5;1;1;5;5;6;3;2;1;2;1;2;3;2;2
1237;2;3;4;4;2;5;7;6;1;1;5;5;3;5;3;1;2;1;3;3;1;0,65
1238;2;3;1;3;1;10;10;7;1;3;5;5;10;5;3;1;2;2;2;2;;2,33
1239;2;2;3;6;2;5;11;7;1;1;5;5;10;4;2;1;2;2;3;2;;0,53
1240;2;3;2;4;2;5;10;4;1;2;2;4;7;3;2;1;2;2;3;3;2;0,11
1241;2;3;3;4;2;5;10;6;1;2;4;4;6;3;2;1;2;2;3;3;2;0,31
1242;2;5;2;3;1;6;16;4;1;3;5;5;3;3;2;2;6;;1;4;1;0,66
1243;1;5;4;2;2;5;17;3;1;1;1;3;5;1;2;2;7;2;3;3;2;1,03
1244;2;5;3;6;2;8;6;3;1;1;2;3;3;4;3;1;2;2;3;4;1;0,6
1245;2;4;1;2;1;2;10;5;1;3;2;2;7;1;4;1;2;1;2;3;2;0,7
1246;1;3;3;2;2;5;5;3;1;2;5;5;8;1;2;1;1;;3;3;3;0,15
1247;1;3;3;5;2;6;1;5;1;1;2;3;8;3;3;1;1;;3;3;3;0,23
1248;1;5;3;4;1;5;10;4;1;2;2;2;6;3;2;1;2;2;1;4;2;0,54
1249;1;4;3;4;2;5;11;6;1;1;2;3;3;5;2;1;2;2;3;3;1;0,59
1250;1;6;4;4;1;5;17;6;1;1;1;1;8;3;3;2;7;2;2;4;3;2,76
1251;2;6;3;5;1;6;17;4;1;1;2;3;3;3;2;2;7;2;1;4;1;1,57
1252;2;5;3;6;2;6;9;7;1;1;2;2;5;3;2;1;2;2;3;4;2;0,25
1253;1;3;1;6;2;6;1;6;1;2;4;4;6;3;2;1;1;;3;2;2;0,2
1254;1;6;3;6;2;6;17;4;1;2;3;3;6;3;2;2;7;2;3;4;2;0,24
1255;1;6;1;6;2;6;17;4;1;1;1;2;3;4;2;2;7;2;3;5;1;0,25
1256;1;5;3;1;1;5;7;6;1;2;3;3;10;1;2;1;2;1;2;4;;2,06
1257;2;6;3;4;2;6;17;4;1;1;1;2;3;3;3;2;7;1;3;4;1;0,24
1258;1;6;1;3;1;6;17;4;1;1;3;3;7;3;2;2;7;2;1;5;2;0,74
1259;1;6;1;6;1;5;17;7;1;3;3;3;3;4;3;2;7;2;2;4;1;2,84
1260;1;5;3;4;1;5;4;2;1;2;4;4;4;3;2;1;1;;2;4;1;1,04
1261;1;5;4;3;2;5;10;2;1;1;3;3;3;5;2;1;2;2;3;3;1;0,36
1262;1;4;5;2;1;2;20;6;1;1;1;1;3;3;4;2;4;;2;3;1;1,79
1263;1;6;1;3;1;6;17;3;1;2;3;3;3;3;3;2;7;2;2;4;1;1,65
1264;1;6;3;6;1;6;17;1;1;2;4;5;2;3;5;2;7;2;2;4;1;2,72
1265;1;6;5;2;1;6;17;6;1;1;3;3;8;5;3;2;7;2;2;4;3;0,6
1266;1;6;4;6;2;5;17;4;1;1;2;2;3;4;2;2;7;2;3;5;1;0,24
1267;1;5;1;6;2;5;6;5;1;1;4;4;7;4;2;1;2;2;3;4;2;1,23
1268;1;5;1;4;1;6;17;1;1;2;3;4;6;3;2;2;7;2;2;4;2;1,29
1269;1;5;4;6;1;5;1;2;3;2;4;4;5;4;5;1;1;;2;4;2;0,51
1270;1;5;5;4;1;5;9;3;1;2;4;4;3;3;2;1;2;2;2;3;1;0,96
1271;1;6;3;4;1;3;17;4;1;1;1;1;6;3;3;2;7;2;2;4;2;1,58
1272;1;6;3;1;1;3;17;4;1;2;3;2;8;3;2;2;7;2;2;4;3;0,45
1273;1;6;3;6;1;6;17;4;1;3;1;2;6;4;2;2;7;2;2;4;2;0,71
1274;2;6;3;4;1;6;16;3;1;2;3;4;7;3;2;2;6;;1;4;2;1,12
1275;1;6;3;3;2;3;17;5;1;1;1;2;8;2;2;2;7;1;3;4;3;0,22
1276;1;3;2;3;2;2;6;2;1;1;4;4;7;5;2;1;2;2;3;2;2;0,47
1277;1;4;3;1;1;5;4;4;1;2;3;4;8;1;2;1;1;;1;3;3;0,75
1278;2;5;1;2;1;5;10;6;1;3;2;4;8;3;2;1;2;2;1;4;3;0,58
1279;2;5;3;6;2;6;17;1;1;1;4;4;6;4;2;2;7;1;3;4;2;0,21
1280;1;5;5;5;2;5;6;5;1;1;1;1;8;4;2;1;2;2;3;4;3;0,32
1281;1;6;4;3;2;3;5;2;1;1;4;4;6;2;3;1;1;;3;4;2;0,53
1282;1;5;4;2;2;5;10;4;1;1;5;3;6;5;3;1;2;1;3;4;2;1,03
1283;1;6;2;4;1;3;17;2;1;1;1;3;9;2;3;2;7;2;1;4;4;1,8
1284;1;6;1;2;1;5;17;2;1;3;5;5;6;1;2;2;7;2;2;5;2;0,74
1285;1;6;3;6;2;5;17;3;1;1;4;4;6;3;3;2;7;1;3;5;2;0,15
1286;1;5;1;6;1;6;9;2;1;1;2;2;1;3;2;1;2;2;2;4;1;1,87
1287;1;5;2;3;1;5;17;4;1;2;3;3;8;3;2;2;7;2;2;4;3;0,76
1288;2;4;3;3;1;5;10;7;1;3;5;5;6;3;2;1;2;1;2;3;2;2,8
1289;1;4;1;3;1;5;2;6;1;2;4;4;;;;;;;;;;0,67
1290;2;3;1;4;2;5;10;6;1;;;;;;;;;;;;;0,77
1291;1;6;1;4;1;3;17;4;1;2;1;3;4;3;2;2;7;1;2;4;1;0,74
1292;2;6;1;4;2;3;17;2;1;2;3;3;;;;;;;;;;0,46
1293;2;5;5;3;1;8;16;6;1;;;;;;;;;;;;;2,67
1294;1;6;1;3;2;6;17;4;1;1;2;2;8;2;2;2;7;2;3;5;3;0,25
1295;1;4;1;6;2;2;11;5;1;;;;;;;;;;;;;0,22
1296;1;2;4;3;1;4;15;2;1;;;;;;;;;;;;;1,59
1297;2;6;5;6;1;6;17;6;1;1;4;4;5;4;3;2;7;1;2;4;2;3,72
1298;2;6;1;4;1;6;17;7;1;1;2;3;8;3;3;2;7;1;1;4;3;2,39
1299;2;1;3;3;1;4;14;1;1;;;;;;;;;;;;;1,28
1300;1;1;1;6;1;4;14;3;1;;;;;;;;;;;;;2,67
1301;1;2;4;1;1;9;13;5;1;1;1;4;;;;;;;;;;0,68
1302;2;2;1;5;2;6;10;6;1;;;;;;;;;;;;;0,16
1303;2;1;4;2;1;4;16;6;1;;;;;;;;;;;;;1,33
1304;2;1;2;4;1;4;11;7;1;3;4;5;;;;;;;;;;1,42